x,y,z,vx,vy,vz,theta1,theta2,u1,u2,u3,ox_1,oy_1,oz_1,ox_2,oy_2,oz_2,ox_3,oy_3,oz_3,ox_4,oy_4,oz_4,ox_5,oy_5,oz_5,ox_6,oy_6,oz_6,ox_7,oy_7,oz_7,ox_8,oy_8,oz_8
16.724628688003346,3.2240041568175837,19.855910357576413,-0.00924126666655497,-0.014215978347675526,-0.022388369650469947,-0.022720052648633304,0.030810958336808927,-0.3420867,0.19116674,-0.3044093,16.454945850580465,3.462835791658092,18.418872589397754,18.862701042146504,2.760528382786478,18.81718888956517,15.934348371754856,0.9160432504546612,18.251965488207368,14.964757005063937,4.578711477964688,17.54285543225485,18.40987185159223,5.403360013887872,16.977501456844212,14.64682830818717,5.548524808729541,17.252890167374343,17.495827395228382,1.3113913071273697,16.298595118173512,14.226620808061789,6.631273036478412,19.51592041760813
16.72370456133669,3.222582558982816,19.853671520611364,-0.02075453859797327,-0.02535086086167016,-0.04487006527349696,-0.04535018871039069,0.061609486124949944,-0.34118754,0.19104244,-0.30534256,16.454945850580465,3.462835791658092,18.418872589397754,18.862701042146504,2.760528382786478,18.81718888956517,15.934348371754856,0.9160432504546612,18.251965488207368,14.964757005063937,4.578711477964688,17.54285543225485,18.40987185159223,5.403360013887872,16.977501456844212,14.64682830818717,5.548524808729541,17.252890167374343,17.495827395228382,1.3113913071273697,16.298595118173512,14.226620808061789,6.631273036478412,19.51592041760813
16.721629107476893,3.220047472896649,19.849184514084016,-0.03453082413556731,-0.033405890596850694,-0.06744140330203392,-0.06791791274860377,0.09238770661061599,-0.34056342,0.19083937,-0.30623898,16.454945850580465,3.462835791658092,18.418872589397754,18.862701042146504,2.760528382786478,18.81718888956517,15.934348371754856,0.9160432504546612,18.251965488207368,14.964757005063937,4.578711477964688,17.54285543225485,18.40987185159223,5.403360013887872,16.977501456844212,14.64682830818717,5.548524808729541,17.252890167374343,17.495827395228382,1.3113913071273697,16.298595118173512,14.226620808061789,6.631273036478412,19.51592041760813
16.718176025063336,3.216706883836964,19.842440373753814,-0.05056388207698266,-0.038383098283464624,-0.09011613750786276,-0.0904186858695729,0.12313265429345228,-0.3398939,0.19050664,-0.30727294,16.454945850580465,3.462835791658092,18.418872589397754,18.862701042146504,2.760528382786478,18.81718888956517,15.934348371754856,0.9160432504546612,18.251965488207368,14.964757005063937,4.578711477964688,17.54285543225485,18.40987185159223,5.403360013887872,16.977501456844212,14.64682830818717,5.548524808729541,17.252890167374343,17.495827395228382,1.3113913071273697,16.298595118173512,14.226620808061789,6.631273036478412,19.51592041760813
16.713119636855637,3.2128685740086174,19.833428760003027,-0.06884701733049492,-0.04028581120179492,-0.11290854022317494,-0.11284726286455783,0.15382975434769514,-0.33917195,0.19002816,-0.30844963,16.454945850580465,3.462835791658092,18.418872589397754,18.862701042146504,2.760528382786478,18.81718888956517,15.934348371754856,0.9160432504546612,18.251965488207368,14.964757005063937,4.578711477964688,17.54285543225485,18.40987185159223,5.403360013887872,16.977501456844212,14.64682830818717,5.548524808729541,17.252890167374343,17.495827395228382,1.3113913071273697,16.298595118173512,14.226620808061789,6.631273036478412,19.51592041760813
16.706234935122588,3.208839992888438,19.82213790598071,-0.08937301028350567,-0.03911881411470093,-0.1358346123148604,-0.1351979038062667,0.1844629284204164,-0.3383926,0.1893889,-0.30978632,16.454945850580465,3.462835791658092,18.418872589397754,18.862701042146504,2.760528382786478,18.81718888956517,15.934348371754856,0.9160432504546612,18.251965488207368,14.964757005063937,4.578711477964688,17.54285543225485,18.40987185159223,5.403360013887872,16.977501456844212,14.64682830818717,5.548524808729541,17.252890167374343,17.495827395228382,1.3113913071273697,16.298595118173512,14.226620808061789,6.631273036478412,19.51592041760813
16.697297634094237,3.204928111476968,19.808554444749223,-0.1091824663104526,-0.010963148919431478,-0.18256325976949506,-0.16665036324247445,0.21318446560603474,-0.3375433,0.18856005,-0.3113377,16.454945850580465,3.462835791658092,18.418872589397754,18.862701042146504,2.760528382786478,18.81718888956517,15.934348371754856,0.9160432504546612,18.251965488207368,14.964757005063937,4.578711477964688,17.54285543225485,18.40987185159223,5.403360013887872,16.977501456844212,14.64682830818717,5.548524808729541,17.252890167374343,17.495827395228382,1.3113913071273697,16.298595118173512,14.226620808061789,6.631273036478412,19.51592041760813
16.68637938746319,3.2038317965850247,19.790298118772274,-0.13213716828102032,0.02006466999439981,-0.22940078106827644,-0.19813999511539637,0.24158928904129068,-0.33791503,0.18539292,-0.31242645,16.454945850580465,3.462835791658092,18.418872589397754,18.862701042146504,2.760528382786478,18.81718888956517,15.934348371754856,0.9160432504546612,18.251965488207368,14.964757005063937,4.578711477964688,17.54285543225485,18.40987185159223,5.403360013887872,16.977501456844212,14.64682830818717,5.548524808729541,17.252890167374343,17.495827395228382,1.3113913071273697,16.298595118173512,14.226620808061789,6.631273036478412,19.51592041760813
16.67316567063509,3.205838263584465,19.767358040665446,-0.15824083343888024,0.053932971251756695,-0.27640128828796384,-0.22963421952619822,0.26972316168232663,-0.33796096,0.18268341,-0.3140563,16.454945850580465,3.462835791658092,18.418872589397754,18.862701042146504,2.760528382786478,18.81718888956517,15.934348371754856,0.9160432504546612,18.251965488207368,14.964757005063937,4.578711477964688,17.54285543225485,18.40987185159223,5.403360013887872,16.977501456844212,14.64682830818717,5.548524808729541,17.252890167374343,17.495827395228382,1.3113913071273697,16.298595118173512,14.226620808061789,6.631273036478412,19.51592041760813
16.657341587291203,3.2112315607096407,19.73971791183665,-0.18749392103782034,0.09061465977321717,-0.3235858516704854,-0.26112703428715117,0.29755343210473467,-0.33794686,0.17964739,-0.31589687,16.454945850580465,3.462835791658092,18.418872589397754,18.862701042146504,2.760528382786478,18.81718888956517,15.934348371754856,0.9160432504546612,18.251965488207368,14.964757005063937,4.578711477964688,17.54285543225485,18.40987185159223,5.403360013887872,16.977501456844212,14.64682830818717,5.548524808729541,17.252890167374343,17.495827395228382,1.3113913071273697,16.298595118173512,14.226620808061789,6.631273036478412,19.51592041760813
16.63859219518742,3.2202930266869623,19.7073593266696,-0.21989629011285572,0.13007937533691846,-0.3709778034540385,-0.2926110305409096,0.3250440693007481,-0.33785868,0.17625105,-0.31797075,16.454945850580465,3.462835791658092,18.418872589397754,18.862701042146504,2.760528382786478,18.81718888956517,15.934348371754856,0.9160432504546612,18.251965488207368,14.964757005063937,4.578711477964688,17.54285543225485,18.40987185159223,5.403360013887872,16.977501456844212,14.64682830818717,5.548524808729541,17.252890167374343,17.495827395228382,1.3113913071273697,16.298595118173512,14.226620808061789,6.631273036478412,19.51592041760813
16.616602566176134,3.2333009642206543,19.670261546324195,-0.25544705881326696,0.1722931546202211,-0.4186019212894562,-0.3240766864454706,0.3521544452543718,-0.33767527,0.17244844,-0.3202924,16.454945850580465,3.462835791658092,18.418872589397754,18.862701042146504,2.760528382786478,18.81718888956517,15.934348371754856,0.9160432504546612,18.251965488207368,14.964757005063937,4.578711477964688,17.54285543225485,14.64682830818717,5.548524808729541,17.252890167374343,18.40987185159223,5.403360013887872,16.977501456844212,17.495827395228382,1.3113913071273697,16.298595118173512,14.226620808061789,6.631273036478412,19.51592041760813
16.591057860294807,3.2505302796826765,19.628401354195248,-0.27041097802567926,0.19067790590147166,-0.4532769060736712,-0.3708202197110442,0.36150269741509905,-0.33738202,0.16819488,-0.32290125,16.454945850580465,3.462835791658092,18.418872589397754,18.862701042146504,2.760528382786478,18.81718888956517,15.934348371754856,0.9160432504546612,18.251965488207368,14.964757005063937,4.578711477964688,17.54285543225485,14.64682830818717,5.548524808729541,17.252890167374343,18.40987185159223,5.403360013887872,16.977501456844212,17.495827395228382,1.3113913071273697,16.298595118173512,14.226620808061789,6.631273036478412,19.51592041760813
16.56401676249224,3.269598070272824,19.583073663587882,-0.2900492505646489,0.20999748239879493,-0.48816931668109786,-0.41739289328213686,0.3708603656195847,-0.33567342,0.16828904,-0.3250755,16.454945850580465,3.462835791658092,18.418872589397754,18.862701042146504,2.760528382786478,18.81718888956517,15.934348371754856,0.9160432504546612,18.251965488207368,14.964757005063937,4.578711477964688,17.54285543225485,14.64682830818717,5.548524808729541,17.252890167374343,18.40987185159223,5.403360013887872,16.977501456844212,17.495827395228382,1.3113913071273697,16.298595118173512,14.226620808061789,6.631273036478412,19.51592041760813
16.535011837435775,3.2905978185127034,19.534256731919772,-0.31434479046072783,0.23025282571656677,-0.5,-0.46377171466702655,0.38017184767495,-0.3337349,0.16782717,-0.32738212,16.454945850580465,3.462835791658092,18.418872589397754,18.862701042146504,2.760528382786478,18.81718888956517,15.934348371754856,0.9160432504546612,18.251965488207368,14.964757005063937,4.578711477964688,17.54285543225485,14.64682830818717,5.548524808729541,17.252890167374343,18.40987185159223,5.403360013887872,16.977501456844212,17.495827395228382,1.3113913071273697,16.298595118173512,14.226620808061789,6.631273036478412,19.51592041760813
16.503577358389702,3.31362310108436,19.48425673191977,-0.3432782124952957,0.2514393172398751,-0.5,-0.5098608366166821,0.38934222318439016,-0.3308379,0.16641611,-0.330769,16.454945850580465,3.462835791658092,18.418872589397754,18.862701042146504,2.760528382786478,18.81718888956517,15.934348371754856,0.9160432504546612,18.251965488207368,14.964757005063937,4.578711477964688,17.54285543225485,14.64682830818717,5.548524808729541,17.252890167374343,18.40987185159223,5.403360013887872,16.977501456844212,17.495827395228382,1.3113913071273697,16.298595118173512,14.226620808061789,6.631273036478412,19.51592041760813
16.469249537140172,3.338767032808348,19.43425673191977,-0.3768205467248292,0.2735428463141275,-0.5,-0.5235987755982988,0.3983749834899729,-0.32664284,0.16503996,-0.33558592,16.454945850580465,3.462835791658092,18.418872589397754,18.862701042146504,2.760528382786478,18.81718888956517,14.964757005063937,4.578711477964688,17.54285543225485,15.934348371754856,0.9160432504546612,18.251965488207368,14.64682830818717,5.548524808729541,17.252890167374343,18.40987185159223,5.403360013887872,16.977501456844212,17.495827395228382,1.3113913071273697,16.298595118173512,14.226620808061789,6.631273036478412,19.51592041760813
16.43156748246769,3.3661213174397604,19.38425673191977,-0.4117366748525243,0.2965496514189382,-0.5,-0.5235987755982988,0.4072217430311857,-0.324113,0.16317995,-0.33948424,16.454945850580465,3.462835791658092,18.418872589397754,18.862701042146504,2.760528382786478,18.81718888956517,14.964757005063937,4.578711477964688,17.54285543225485,15.934348371754856,0.9160432504546612,18.251965488207368,14.64682830818717,5.548524808729541,17.252890167374343,18.40987185159223,5.403360013887872,16.977501456844212,17.495827395228382,1.3113913071273697,16.298595118173512,14.226620808061789,6.631273036478412,19.51592041760813
16.390393814982435,3.395776282581654,19.33425673191977,-0.4466528029802194,0.32044113247787015,-0.5,-0.5235987755982988,0.4157653399380258,-0.32259092,0.16014832,-0.34247366,16.454945850580465,3.462835791658092,18.418872589397754,14.964757005063937,4.578711477964688,17.54285543225485,18.862701042146504,2.760528382786478,18.81718888956517,15.934348371754856,0.9160432504546612,18.251965488207368,14.64682830818717,5.548524808729541,17.252890167374343,18.40987185159223,5.403360013887872,16.977501456844212,17.495827395228382,1.3113913071273697,16.298595118173512,14.226620808061789,6.631273036478412,19.51592041760813
16.34572853468441,3.4278203958294413,19.28425673191977,-0.48156893110791454,0.3451869732274861,-0.5,-0.5235987755982988,0.42397935445169643,-0.32091698,0.1568525,-0.34566623,16.454945850580465,3.462835791658092,18.418872589397754,14.964757005063937,4.578711477964688,17.54285543225485,18.862701042146504,2.760528382786478,18.81718888956517,15.934348371754856,0.9160432504546612,18.251965488207368,14.64682830818717,5.548524808729541,17.252890167374343,18.40987185159223,5.403360013887872,16.977501456844212,17.495827395228382,1.3113913071273697,16.298595118173512,14.226620808061789,6.631273036478412,19.51592041760813
16.29757164157362,3.46233909315219,19.234256731919768,-0.5,0.3707542154284691,-0.5,-0.5235987755982988,0.4318342748224533,-0.31908008,0.15326156,-0.3490749,16.454945850580465,3.462835791658092,18.418872589397754,14.964757005063937,4.578711477964688,17.54285543225485,18.862701042146504,2.760528382786478,18.81718888956517,15.934348371754856,0.9160432504546612,18.251965488207368,14.64682830818717,5.548524808729541,17.252890167374343,18.40987185159223,5.403360013887872,16.977501456844212,14.226620808061789,6.631273036478412,19.51592041760813,17.495827395228382,1.3113913071273697,16.298595118173512
16.247571641573618,3.499414514695037,19.184256731919767,-0.5,0.39710694966652776,-0.5,-0.5235987755982988,0.43926256451741746,-0.31840557,0.14899525,-0.3516949,16.454945850580465,3.462835791658092,18.418872589397754,14.964757005063937,4.578711477964688,17.54285543225485,18.862701042146504,2.760528382786478,18.81718888956517,15.934348371754856,0.9160432504546612,18.251965488207368,14.64682830818717,5.548524808729541,17.252890167374343,18.40987185159223,5.403360013887872,16.977501456844212,14.226620808061789,6.631273036478412,19.51592041760813,17.495827395228382,1.3113913071273697,16.298595118173512
16.197571641573617,3.5391252096616896,19.134256731919766,-0.5,0.4242025128740829,-0.5,-0.5235987755982988,0.44616712160978533,-0.31933844,0.14375792,-0.35312408,16.454945850580465,3.462835791658092,18.418872589397754,14.964757005063937,4.578711477964688,17.54285543225485,15.934348371754856,0.9160432504546612,18.251965488207368,18.862701042146504,2.760528382786478,18.81718888956517,14.64682830818717,5.548524808729541,17.252890167374343,18.40987185159223,5.403360013887872,16.977501456844212,14.226620808061789,6.631273036478412,19.51592041760813,15.787501613887503,5.917076916844888,16.19571472980802
16.147571641573617,3.5815454609490978,19.084256731919766,-0.5,0.4519885317908748,-0.5,-0.5235987755982988,0.45259918374232194,-0.32052603,0.13903297,-0.355381,16.454945850580465,3.462835791658092,18.418872589397754,14.964757005063937,4.578711477964688,17.54285543225485,15.934348371754856,0.9160432504546612,18.251965488207368,18.862701042146504,2.760528382786478,18.81718888956517,14.64682830818717,5.548524808729541,17.252890167374343,18.40987185159223,5.403360013887872,16.977501456844212,14.226620808061789,6.631273036478412,19.51592041760813,15.787501613887503,5.917076916844888,16.19571472980802
16.097571641573616,3.626744314128185,19.034256731919765,-0.5,0.48041775692092037,-0.5,-0.5235987755982988,0.458443067240215,-0.32146,0.13315119,-0.3568471,16.454945850580465,3.462835791658092,18.418872589397754,14.964757005063937,4.578711477964688,17.54285543225485,15.934348371754856,0.9160432504546612,18.251965488207368,18.862701042146504,2.760528382786478,18.81718888956517,14.64682830818717,5.548524808729541,17.252890167374343,18.40987185159223,5.403360013887872,16.977501456844212,14.226620808061789,6.631273036478412,19.51592041760813,15.787501613887503,5.917076916844888,16.19571472980802
16.047571641573615,3.674786089820277,18.984256731919764,-0.5,0.5,-0.5,-0.5235987755982988,0.4637041380116104,-0.3223718,0.12732306,-0.3582368,16.454945850580465,3.462835791658092,18.418872589397754,14.964757005063937,4.578711477964688,17.54285543225485,15.934348371754856,0.9160432504546612,18.251965488207368,14.64682830818717,5.548524808729541,17.252890167374343,18.862701042146504,2.760528382786478,18.81718888956517,14.226620808061789,6.631273036478412,19.51592041760813,18.40987185159223,5.403360013887872,16.977501456844212,15.787501613887503,5.917076916844888,16.19571472980802
15.997571641573614,3.724786089820277,18.934256731919763,-0.5,0.5,-0.5,-0.5235987755982988,0.468466993673896,-0.32296583,0.12234091,-0.35955563,16.454945850580465,3.462835791658092,18.418872589397754,14.964757005063937,4.578711477964688,17.54285543225485,14.64682830818717,5.548524808729541,17.252890167374343,15.934348371754856,0.9160432504546612,18.251965488207368,18.862701042146504,2.760528382786478,18.81718888956517,14.226620808061789,6.631273036478412,19.51592041760813,15.787501613887503,5.917076916844888,16.19571472980802,18.40987185159223,5.403360013887872,16.977501456844212
15.947571641573614,3.7747860898202767,18.884256731919763,-0.5,0.5,-0.5,-0.5235987755982988,0.47297424450281705,-0.32316095,0.11978486,-0.3602561,16.454945850580465,3.462835791658092,18.418872589397754,14.964757005063937,4.578711477964688,17.54285543225485,14.64682830818717,5.548524808729541,17.252890167374343,15.934348371754856,0.9160432504546612,18.251965488207368,18.862701042146504,2.760528382786478,18.81718888956517,14.226620808061789,6.631273036478412,19.51592041760813,15.787501613887503,5.917076916844888,16.19571472980802,18.40987185159223,5.403360013887872,16.977501456844212
15.897571641573613,3.8247860898202766,18.834256731919762,-0.5,0.5,-0.5,-0.5235987755982988,0.47722473640343915,-0.32335627,0.11721727,-0.36095873,16.454945850580465,3.462835791658092,18.418872589397754,14.964757005063937,4.578711477964688,17.54285543225485,14.64682830818717,5.548524808729541,17.252890167374343,15.934348371754856,0.9160432504546612,18.251965488207368,18.862701042146504,2.760528382786478,18.81718888956517,14.226620808061789,6.631273036478412,19.51592041760813,15.787501613887503,5.917076916844888,16.19571472980802,18.40987185159223,5.403360013887872,16.977501456844212
15.847571641573612,3.8747860898202764,18.78425673191976,-0.5,0.5,-0.5,-0.5235987755982988,0.48121617459693844,-0.32354012,0.114626735,-0.3616571,16.454945850580465,3.462835791658092,18.418872589397754,14.964757005063937,4.578711477964688,17.54285543225485,14.64682830818717,5.548524808729541,17.252890167374343,15.934348371754856,0.9160432504546612,18.251965488207368,18.862701042146504,2.760528382786478,18.81718888956517,14.226620808061789,6.631273036478412,19.51592041760813,15.787501613887503,5.917076916844888,16.19571472980802,18.40987185159223,5.403360013887872,16.977501456844212
15.797571641573612,3.924786089820276,18.73425673191976,-0.5,0.5,-0.5,-0.5235987755982988,0.4849462434428654,-0.323712,0.11201304,-0.36234927,16.454945850580465,3.462835791658092,18.418872589397754,14.964757005063937,4.578711477964688,17.54285543225485,14.64682830818717,5.548524808729541,17.252890167374343,15.934348371754856,0.9160432504546612,18.251965488207368,14.226620808061789,6.631273036478412,19.51592041760813,15.787501613887503,5.917076916844888,16.19571472980802,18.862701042146504,2.760528382786478,18.81718888956517,18.40987185159223,5.403360013887872,16.977501456844212
15.747571641573611,3.974786089820276,18.68425673191976,-0.5,0.5,-0.5,-0.5235987755982988,0.4884124469967201,-0.32387075,0.10937439,-0.36303326,16.454945850580465,3.462835791658092,18.418872589397754,14.964757005063937,4.578711477964688,17.54285543225485,14.64682830818717,5.548524808729541,17.252890167374343,15.934348371754856,0.9160432504546612,18.251965488207368,15.787501613887503,5.917076916844888,16.19571472980802,14.226620808061789,6.631273036478412,19.51592041760813,18.862701042146504,2.760528382786478,18.81718888956517,14.606383753325613,6.986919503013793,17.590500276337604
15.69757164157361,4.024786089820276,18.63425673191976,-0.5,0.5,-0.5,-0.5235987755982988,0.4917452046916194,-0.3238863,0.10803993,-0.36520818,16.454945850580465,3.462835791658092,18.418872589397754,14.964757005063937,4.578711477964688,17.54285543225485,14.64682830818717,5.548524808729541,17.252890167374343,15.787501613887503,5.917076916844888,16.19571472980802,14.226620808061789,6.631273036478412,19.51592041760813,15.934348371754856,0.9160432504546612,18.251965488207368,14.606383753325613,6.986919503013793,17.590500276337604,18.862701042146504,2.760528382786478,18.81718888956517
15.64757164157361,4.074786089820276,18.58425673191976,-0.5,0.5,-0.5,-0.5235987755982988,0.49480847339621187,-0.3240276,0.10534504,-0.3659169,16.454945850580465,3.462835791658092,18.418872589397754,14.964757005063937,4.578711477964688,17.54285543225485,14.64682830818717,5.548524808729541,17.252890167374343,15.787501613887503,5.917076916844888,16.19571472980802,14.226620808061789,6.631273036478412,19.51592041760813,15.934348371754856,0.9160432504546612,18.251965488207368,14.606383753325613,6.986919503013793,17.590500276337604,18.40987185159223,5.403360013887872,16.977501456844212
15.597571641573609,4.124786089820276,18.534256731919758,-0.5,0.5,-0.5,-0.5235987755982988,0.49749088779219913,-0.32431415,0.1015365,-0.36524484,16.454945850580465,3.462835791658092,18.418872589397754,14.964757005063937,4.578711477964688,17.54285543225485,14.64682830818717,5.548524808729541,17.252890167374343,15.787501613887503,5.917076916844888,16.19571472980802,14.226620808061789,6.631273036478412,19.51592041760813,14.606383753325613,6.986919503013793,17.590500276337604,15.934348371754856,0.9160432504546612,18.251965488207368,14.431721058757244,7.120421987294501,17.25768233482203
15.547571641573608,4.174786089820276,18.484256731919757,-0.5,0.5,-0.5,-0.5235987755982988,0.5000758381631658,-0.3241015,0.10056186,-0.36819196,16.454945850580465,3.462835791658092,18.418872589397754,14.964757005063937,4.578711477964688,17.54285543225485,14.64682830818717,5.548524808729541,17.252890167374343,15.787501613887503,5.917076916844888,16.19571472980802,14.226620808061789,6.631273036478412,19.51592041760813,14.606383753325613,6.986919503013793,17.590500276337604,15.934348371754856,0.9160432504546612,18.251965488207368,14.431721058757244,7.120421987294501,17.25768233482203
15.497571641573607,4.224786089820276,18.434256731919756,-0.5,0.5,-0.5,-0.5235987755982988,0.5023858725409188,-0.3241929,0.0978127,-0.36890975,14.964757005063937,4.578711477964688,17.54285543225485,16.454945850580465,3.462835791658092,18.418872589397754,14.64682830818717,5.548524808729541,17.252890167374343,15.787501613887503,5.917076916844888,16.19571472980802,14.226620808061789,6.631273036478412,19.51592041760813,14.606383753325613,6.986919503013793,17.590500276337604,14.431721058757244,7.120421987294501,17.25768233482203,15.934348371754856,0.9160432504546612,18.251965488207368
15.447571641573607,4.274786089820275,18.384256731919756,-0.5,0.5,-0.5,-0.5235987755982988,0.5044177350217373,-0.32427967,0.09503098,-0.36961198,14.964757005063937,4.578711477964688,17.54285543225485,16.454945850580465,3.462835791658092,18.418872589397754,14.64682830818717,5.548524808729541,17.252890167374343,15.787501613887503,5.917076916844888,16.19571472980802,14.226620808061789,6.631273036478412,19.51592041760813,14.606383753325613,6.986919503013793,17.590500276337604,14.431721058757244,7.120421987294501,17.25768233482203,15.934348371754856,0.9160432504546612,18.251965488207368
15.397571641573606,4.324786089820275,18.334256731919755,-0.5,0.5,-0.5,-0.5235987755982988,0.506168864096012,-0.32436618,0.092223644,-0.3703117,14.964757005063937,4.578711477964688,17.54285543225485,16.454945850580465,3.462835791658092,18.418872589397754,14.64682830818717,5.548524808729541,17.252890167374343,15.787501613887503,5.917076916844888,16.19571472980802,14.226620808061789,6.631273036478412,19.51592041760813,14.606383753325613,6.986919503013793,17.590500276337604,14.431721058757244,7.120421987294501,17.25768233482203,15.934348371754856,0.9160432504546612,18.251965488207368
15.347571641573605,4.374786089820275,18.284256731919754,-0.5,0.5,-0.5,-0.5235987755982988,0.5076362243972079,-0.3244405,0.08938596,-0.3710036,14.964757005063937,4.578711477964688,17.54285543225485,16.454945850580465,3.462835791658092,18.418872589397754,14.64682830818717,5.548524808729541,17.252890167374343,15.787501613887503,5.917076916844888,16.19571472980802,14.606383753325613,6.986919503013793,17.590500276337604,14.226620808061789,6.631273036478412,19.51592041760813,14.431721058757244,7.120421987294501,17.25768233482203,14.084340488409314,4.0836565433811645,15.148871654393316
15.297571641573604,4.424786089820275,18.234256731919753,-0.5,0.5,-0.5,-0.5235987755982988,0.5087678339695582,-0.3253243,0.08602845,-0.37103263,14.964757005063937,4.578711477964688,17.54285543225485,16.454945850580465,3.462835791658092,18.418872589397754,14.64682830818717,5.548524808729541,17.252890167374343,15.787501613887503,5.917076916844888,16.19571472980802,14.606383753325613,6.986919503013793,17.590500276337604,14.226620808061789,6.631273036478412,19.51592041760813,14.431721058757244,7.120421987294501,17.25768233482203,14.084340488409314,4.0836565433811645,15.148871654393316
15.247571641573604,4.474786089820275,18.184256731919753,-0.5,0.5,-0.5,-0.5235987755982988,0.5096155428935529,-0.3253367,0.08318944,-0.37172845,14.964757005063937,4.578711477964688,17.54285543225485,14.64682830818717,5.548524808729541,17.252890167374343,16.454945850580465,3.462835791658092,18.418872589397754,15.787501613887503,5.917076916844888,16.19571472980802,14.606383753325613,6.986919503013793,17.590500276337604,14.226620808061789,6.631273036478412,19.51592041760813,14.431721058757244,7.120421987294501,17.25768233482203,14.084340488409314,4.0836565433811645,15.148871654393316
15.197571641573603,4.5247860898202745,18.134256731919752,-0.5,0.5,-0.5,-0.5235987755982988,0.5101760297003621,-0.32533693,0.08031722,-0.37241745,14.964757005063937,4.578711477964688,17.54285543225485,14.64682830818717,5.548524808729541,17.252890167374343,16.454945850580465,3.462835791658092,18.418872589397754,15.787501613887503,5.917076916844888,16.19571472980802,14.606383753325613,6.986919503013793,17.590500276337604,14.226620808061789,6.631273036478412,19.51592041760813,14.431721058757244,7.120421987294501,17.25768233482203,14.084340488409314,4.0836565433811645,15.148871654393316
15.147571641573602,4.574786089820274,18.08425673191975,-0.5,0.5,-0.5,-0.5235987755982988,0.5104470703916775,-0.32532132,0.07742276,-0.3731005,14.964757005063937,4.578711477964688,17.54285543225485,14.64682830818717,5.548524808729541,17.252890167374343,16.454945850580465,3.462835791658092,18.418872589397754,15.787501613887503,5.917076916844888,16.19571472980802,14.606383753325613,6.986919503013793,17.590500276337604,14.226620808061789,6.631273036478412,19.51592041760813,14.431721058757244,7.120421987294501,17.25768233482203,14.084340488409314,4.0836565433811645,15.148871654393316
15.097571641573602,4.624786089820274,18.03425673191975,-0.5,0.5,-0.5,-0.5235987755982988,0.5104249419123748,-0.32529515,0.07449107,-0.37376994,14.964757005063937,4.578711477964688,17.54285543225485,14.64682830818717,5.548524808729541,17.252890167374343,16.454945850580465,3.462835791658092,18.418872589397754,15.787501613887503,5.917076916844888,16.19571472980802,14.606383753325613,6.986919503013793,17.590500276337604,14.226620808061789,6.631273036478412,19.51592041760813,14.431721058757244,7.120421987294501,17.25768233482203,14.084340488409314,4.0836565433811645,15.148871654393316
15.047571641573601,4.674786089820274,17.98425673191975,-0.5,0.5,-0.5,-0.5235987755982988,0.5101065768584223,-0.32525277,0.0715287,-0.37442327,14.964757005063937,4.578711477964688,17.54285543225485,14.64682830818717,5.548524808729541,17.252890167374343,16.454945850580465,3.462835791658092,18.418872589397754,15.787501613887503,5.917076916844888,16.19571472980802,14.606383753325613,6.986919503013793,17.590500276337604,14.226620808061789,6.631273036478412,19.51592041760813,14.431721058757244,7.120421987294501,17.25768233482203,14.084340488409314,4.0836565433811645,15.148871654393316
14.9975716415736,4.724786089820274,17.93425673191975,-0.5,0.5,-0.5,-0.5235987755982988,0.5094888266144597,-0.32519677,0.06853485,-0.37507114,14.964757005063937,4.578711477964688,17.54285543225485,14.64682830818717,5.548524808729541,17.252890167374343,16.454945850580465,3.462835791658092,18.418872589397754,15.787501613887503,5.917076916844888,16.19571472980802,14.606383753325613,6.986919503013793,17.590500276337604,14.431721058757244,7.120421987294501,17.25768233482203,14.226620808061789,6.631273036478412,19.51592041760813,14.084340488409314,4.0836565433811645,15.148871654393316
14.9475716415736,4.774786089820274,17.88425673191975,-0.5,0.5,-0.5,-0.5235987755982988,0.5085694098127083,-0.3251251,0.065518185,-0.3757131,14.964757005063937,4.578711477964688,17.54285543225485,14.64682830818717,5.548524808729541,17.252890167374343,16.454945850580465,3.462835791658092,18.418872589397754,15.787501613887503,5.917076916844888,16.19571472980802,14.606383753325613,6.986919503013793,17.590500276337604,14.431721058757244,7.120421987294501,17.25768233482203,14.226620808061789,6.631273036478412,19.51592041760813,14.084340488409314,4.0836565433811645,15.148871654393316
14.897571641573599,4.8247860898202735,17.834256731919748,-0.5,0.5,-0.5,-0.5235987755982988,0.507345717632372,-0.32503515,0.06247543,-0.37634635,14.964757005063937,4.578711477964688,17.54285543225485,14.64682830818717,5.548524808729541,17.252890167374343,16.454945850580465,3.462835791658092,18.418872589397754,15.787501613887503,5.917076916844888,16.19571472980802,14.606383753325613,6.986919503013793,17.590500276337604,14.431721058757244,7.120421987294501,17.25768233482203,14.226620808061789,6.631273036478412,19.51592041760813,14.084340488409314,4.0836565433811645,15.148871654393316
14.847571641573598,4.874786089820273,17.784256731919747,-0.5,0.5,-0.5,-0.5235987755982988,0.5058156758318127,-0.3249302,0.059411936,-0.3769734,14.964757005063937,4.578711477964688,17.54285543225485,14.64682830818717,5.548524808729541,17.252890167374343,15.787501613887503,5.917076916844888,16.19571472980802,14.606383753325613,6.986919503013793,17.590500276337604,16.454945850580465,3.462835791658092,18.418872589397754,14.431721058757244,7.120421987294501,17.25768233482203,14.226620808061789,6.631273036478412,19.51592041760813,14.084340488409314,4.0836565433811645,15.148871654393316
14.797571641573597,4.924786089820273,17.734256731919746,-0.5,0.5,-0.5,-0.5235987755982988,0.5039755680614286,-0.32481846,0.056311276,-0.3775947,14.964757005063937,4.578711477964688,17.54285543225485,14.64682830818717,5.548524808729541,17.252890167374343,14.606383753325613,6.986919503013793,17.590500276337604,15.787501613887503,5.917076916844888,16.19571472980802,14.431721058757244,7.120421987294501,17.25768233482203,16.454945850580465,3.462835791658092,18.418872589397754,14.226620808061789,6.631273036478412,19.51592041760813,14.084340488409314,4.0836565433811645,15.148871654393316
14.747571641573597,4.974786089820273,17.684256731919746,-0.5,0.5,-0.5,-0.5235987755982988,0.501823301825659,-0.32468265,0.05318969,-0.37820718,14.964757005063937,4.578711477964688,17.54285543225485,14.64682830818717,5.548524808729541,17.252890167374343,14.606383753325613,6.986919503013793,17.590500276337604,15.787501613887503,5.917076916844888,16.19571472980802,14.431721058757244,7.120421987294501,17.25768233482203,16.454945850580465,3.462835791658092,18.418872589397754,14.226620808061789,6.631273036478412,19.51592041760813,14.084340488409314,4.0836565433811645,15.148871654393316
14.697571641573596,5.024786089820273,17.634256731919745,-0.5,0.5,-0.5,-0.5235987755982988,0.49935727338703056,-0.32452494,0.05005207,-0.37881148,14.964757005063937,4.578711477964688,17.54285543225485,14.64682830818717,5.548524808729541,17.252890167374343,14.606383753325613,6.986919503013793,17.590500276337604,15.787501613887503,5.917076916844888,16.19571472980802,14.431721058757244,7.120421987294501,17.25768233482203,16.454945850580465,3.462835791658092,18.418872589397754,14.226620808061789,6.631273036478412,19.51592041760813,14.084340488409314,4.0836565433811645,15.148871654393316
14.647571641573595,5.074786089820273,17.584256731919744,-0.5,0.5,-0.5,-0.5235987755982988,0.4965764746819884,-0.32434446,0.046904366,-0.37941214,14.64682830818717,5.548524808729541,17.252890167374343,14.964757005063937,4.578711477964688,17.54285543225485,14.606383753325613,6.986919503013793,17.590500276337604,15.787501613887503,5.917076916844888,16.19571472980802,14.431721058757244,7.120421987294501,17.25768233482203,14.226620808061789,6.631273036478412,19.51592041760813,16.454945850580465,3.462835791658092,18.418872589397754,14.084340488409314,4.0836565433811645,15.148871654393316
14.597571641573595,5.124786089820272,17.534256731919744,-0.5,0.5,-0.5,-0.5235987755982988,0.4934797430474304,-0.32413772,0.043745037,-0.38000065,14.64682830818717,5.548524808729541,17.252890167374343,14.964757005063937,4.578711477964688,17.54285543225485,14.606383753325613,6.986919503013793,17.590500276337604,15.787501613887503,5.917076916844888,16.19571472980802,14.431721058757244,7.120421987294501,17.25768233482203,14.226620808061789,6.631273036478412,19.51592041760813,12.613309641130732,5.893803874757162,15.983161169382853,16.454945850580465,3.462835791658092,18.418872589397754
14.547571641573594,5.174786089820272,17.484256731919743,-0.5,0.5,-0.5,-0.5235987755982988,0.49017469280685344,-0.32405573,0.04166185,-0.38173878,14.64682830818717,5.548524808729541,17.252890167374343,14.964757005063937,4.578711477964688,17.54285543225485,14.606383753325613,6.986919503013793,17.590500276337604,15.787501613887503,5.917076916844888,16.19571472980802,14.431721058757244,7.120421987294501,17.25768233482203,14.226620808061789,6.631273036478412,19.51592041760813,12.613309641130732,5.893803874757162,15.983161169382853,14.084340488409314,4.0836565433811645,15.148871654393316
14.497571641573593,5.224786089820272,17.434256731919742,-0.5,0.5,-0.5,-0.5235987755982988,0.4864551555917987,-0.32358056,0.03751698,-0.3812716,14.64682830818717,5.548524808729541,17.252890167374343,14.964757005063937,4.578711477964688,17.54285543225485,14.606383753325613,6.986919503013793,17.590500276337604,14.431721058757244,7.120421987294501,17.25768233482203,15.787501613887503,5.917076916844888,16.19571472980802,12.613309641130732,5.893803874757162,15.983161169382853,14.226620808061789,6.631273036478412,19.51592041760813,14.084340488409314,4.0836565433811645,15.148871654393316
14.447571641573592,5.274786089820272,17.38425673191974,-0.5,0.5,-0.5,-0.5235987755982988,0.48241693432034266,-0.3233021,0.03433014,-0.3818542,14.64682830818717,5.548524808729541,17.252890167374343,14.964757005063937,4.578711477964688,17.54285543225485,14.606383753325613,6.986919503013793,17.590500276337604,14.431721058757244,7.120421987294501,17.25768233482203,15.787501613887503,5.917076916844888,16.19571472980802,12.613309641130732,5.893803874757162,15.983161169382853,13.38056144898614,7.362966215689781,16.470908309829657,14.226620808061789,6.631273036478412,19.51592041760813
14.397571641573592,5.324786089820272,17.33425673191974,-0.5,0.5,-0.5,-0.5235987755982988,0.4781881935073846,-0.32316336,0.032424945,-0.38374275,14.64682830818717,5.548524808729541,17.252890167374343,14.964757005063937,4.578711477964688,17.54285543225485,14.606383753325613,6.986919503013793,17.590500276337604,14.431721058757244,7.120421987294501,17.25768233482203,15.787501613887503,5.917076916844888,16.19571472980802,12.613309641130732,5.893803874757162,15.983161169382853,13.38056144898614,7.362966215689781,16.470908309829657,14.084340488409314,4.0836565433811645,15.148871654393316
14.347571641573591,5.3747860898202715,17.28425673191974,-0.5,0.5,-0.5,-0.5235987755982988,0.47351580023593765,-0.3228055,0.02798842,-0.38330534,14.64682830818717,5.548524808729541,17.252890167374343,14.964757005063937,4.578711477964688,17.54285543225485,14.606383753325613,6.986919503013793,17.590500276337604,14.431721058757244,7.120421987294501,17.25768233482203,15.787501613887503,5.917076916844888,16.19571472980802,12.613309641130732,5.893803874757162,15.983161169382853,13.38056144898614,7.362966215689781,16.470908309829657,14.084340488409314,4.0836565433811645,15.148871654393316
14.29757164157359,5.424786089820271,17.23425673191974,-0.5,0.5,-0.5,-0.5235987755982988,0.46852148320938136,-0.32243624,0.024769183,-0.38388094,14.64682830818717,5.548524808729541,17.252890167374343,14.964757005063937,4.578711477964688,17.54285543225485,14.606383753325613,6.986919503013793,17.590500276337604,14.431721058757244,7.120421987294501,17.25768233482203,15.787501613887503,5.917076916844888,16.19571472980802,12.613309641130732,5.893803874757162,15.983161169382853,13.38056144898614,7.362966215689781,16.470908309829657,14.084340488409314,4.0836565433811645,15.148871654393316
14.24757164157359,5.474786089820271,17.18425673191974,-0.5,0.5,-0.5,-0.5235987755982988,0.46320231528086375,-0.3220445,0.021520674,-0.38444036,14.64682830818717,5.548524808729541,17.252890167374343,14.964757005063937,4.578711477964688,17.54285543225485,14.606383753325613,6.986919503013793,17.590500276337604,14.431721058757244,7.120421987294501,17.25768233482203,15.787501613887503,5.917076916844888,16.19571472980802,12.613309641130732,5.893803874757162,15.983161169382853,13.38056144898614,7.362966215689781,16.470908309829657,14.084340488409314,4.0836565433811645,15.148871654393316
14.197571641573589,5.524786089820271,17.134256731919738,-0.5,0.5,-0.5,-0.5235987755982988,0.4575542427757466,-0.32162896,0.018231628,-0.38498455,14.64682830818717,5.548524808729541,17.252890167374343,14.964757005063937,4.578711477964688,17.54285543225485,14.606383753325613,6.986919503013793,17.590500276337604,14.431721058757244,7.120421987294501,17.25768233482203,15.787501613887503,5.917076916844888,16.19571472980802,12.613309641130732,5.893803874757162,15.983161169382853,13.38056144898614,7.362966215689781,16.470908309829657,14.084340488409314,4.0836565433811645,15.148871654393316
14.147571641573588,5.574786089820271,17.084256731919737,-0.5,0.5,-0.5,-0.5235987755982988,0.4515733530216293,-0.3211835,0.014903456,-0.38550532,14.64682830818717,5.548524808729541,17.252890167374343,14.964757005063937,4.578711477964688,17.54285543225485,14.606383753325613,6.986919503013793,17.590500276337604,14.431721058757244,7.120421987294501,17.25768233482203,15.787501613887503,5.917076916844888,16.19571472980802,12.613309641130732,5.893803874757162,15.983161169382853,13.38056144898614,7.362966215689781,16.470908309829657,13.277491769259214,5.510031568044733,14.849623407365808
14.097571641573587,5.624786089820271,17.034256731919736,-0.5,0.5,-0.5,-0.5235987755982988,0.44528610545165037,-0.320972,0.011839878,-0.38632244,14.64682830818717,5.548524808729541,17.252890167374343,14.964757005063937,4.578711477964688,17.54285543225485,14.431721058757244,7.120421987294501,17.25768233482203,14.606383753325613,6.986919503013793,17.590500276337604,12.613309641130732,5.893803874757162,15.983161169382853,15.787501613887503,5.917076916844888,16.19571472980802,13.38056144898614,7.362966215689781,16.470908309829657,13.277491769259214,5.510031568044733,14.849623407365808
14.047571641573587,5.67478608982027,16.984256731919736,-0.5,0.5,-0.5,-0.5235987755982988,0.43866120893115423,-0.32045385,0.008463388,-0.38684273,14.64682830818717,5.548524808729541,17.252890167374343,14.431721058757244,7.120421987294501,17.25768233482203,14.964757005063937,4.578711477964688,17.54285543225485,14.606383753325613,6.986919503013793,17.590500276337604,12.613309641130732,5.893803874757162,15.983161169382853,13.38056144898614,7.362966215689781,16.470908309829657,15.787501613887503,5.917076916844888,16.19571472980802,13.277491769259214,5.510031568044733,14.849623407365808
13.997571641573586,5.72478608982027,16.934256731919735,-0.5,0.5,-0.5,-0.5235987755982988,0.4316962077953423,-0.31990784,0.005062342,-0.38735738,14.64682830818717,5.548524808729541,17.252890167374343,14.431721058757244,7.120421987294501,17.25768233482203,14.606383753325613,6.986919503013793,17.590500276337604,14.964757005063937,4.578711477964688,17.54285543225485,12.613309641130732,5.893803874757162,15.983161169382853,13.38056144898614,7.362966215689781,16.470908309829657,15.787501613887503,5.917076916844888,16.19571472980802,13.277491769259214,5.510031568044733,14.849623407365808
13.947571641573585,5.77478608982027,16.884256731919734,-0.5,0.5,-0.5,-0.5235987755982988,0.42438913499780473,-0.31932747,0.0016416255,-0.38785702,14.64682830818717,5.548524808729541,17.252890167374343,14.431721058757244,7.120421987294501,17.25768233482203,14.606383753325613,6.986919503013793,17.590500276337604,12.613309641130732,5.893803874757162,15.983161169382853,14.964757005063937,4.578711477964688,17.54285543225485,13.38056144898614,7.362966215689781,16.470908309829657,15.787501613887503,5.917076916844888,16.19571472980802,13.277491769259214,5.510031568044733,14.849623407365808
13.897571641573585,5.82478608982027,16.834256731919734,-0.5,0.5,-0.5,-0.5235987755982988,0.41673743531535967,-0.31871912,-0.0018046433,-0.38834018,14.64682830818717,5.548524808729541,17.252890167374343,14.431721058757244,7.120421987294501,17.25768233482203,12.613309641130732,5.893803874757162,15.983161169382853,14.606383753325613,6.986919503013793,17.590500276337604,13.38056144898614,7.362966215689781,16.470908309829657,14.964757005063937,4.578711477964688,17.54285543225485,15.787501613887503,5.917076916844888,16.19571472980802,13.277491769259214,5.510031568044733,14.849623407365808
13.847571641573584,5.87478608982027,16.784256731919733,-0.5,0.5,-0.5,-0.5235987755982988,0.4087389166474971,-0.31809017,-0.005272833,-0.388824,14.64682830818717,5.548524808729541,17.252890167374343,14.431721058757244,7.120421987294501,17.25768233482203,12.613309641130732,5.893803874757162,15.983161169382853,14.606383753325613,6.986919503013793,17.590500276337604,13.38056144898614,7.362966215689781,16.470908309829657,14.964757005063937,4.578711477964688,17.54285543225485,15.787501613887503,5.917076916844888,16.19571472980802,13.277491769259214,5.510031568044733,14.849623407365808
13.797571641573583,5.9247860898202696,16.734256731919732,-0.5,0.5,-0.5,-0.5235987755982988,0.4003918605178024,-0.31742954,-0.008758208,-0.38930196,14.64682830818717,5.548524808729541,17.252890167374343,12.613309641130732,5.893803874757162,15.983161169382853,14.431721058757244,7.120421987294501,17.25768233482203,13.38056144898614,7.362966215689781,16.470908309829657,14.606383753325613,6.986919503013793,17.590500276337604,14.964757005063937,4.578711477964688,17.54285543225485,13.277491769259214,5.510031568044733,14.849623407365808,15.787501613887503,5.917076916844888,16.19571472980802
13.747571641573582,5.974786089820269,16.68425673191973,-0.5,0.5,-0.5,-0.5235987755982988,0.39169492922109544,-0.3167347,-0.012256959,-0.38977736,14.64682830818717,5.548524808729541,17.252890167374343,12.613309641130732,5.893803874757162,15.983161169382853,13.38056144898614,7.362966215689781,16.470908309829657,14.431721058757244,7.120421987294501,17.25768233482203,14.606383753325613,6.986919503013793,17.590500276337604,13.277491769259214,5.510031568044733,14.849623407365808,14.964757005063937,4.578711477964688,17.54285543225485,12.69821241864431,5.630381811240244,14.95016847495814
13.697571641573582,6.024786089820269,16.63425673191973,-0.5,0.5,-0.5,-0.5235987755982988,0.3827012895417224,-0.3160501,-0.015224043,-0.39066398,14.64682830818717,5.548524808729541,17.252890167374343,12.613309641130732,5.893803874757162,15.983161169382853,13.38056144898614,7.362966215689781,16.470908309829657,14.431721058757244,7.120421987294501,17.25768233482203,14.606383753325613,6.986919503013793,17.590500276337604,13.277491769259214,5.510031568044733,14.849623407365808,12.69821241864431,5.630381811240244,14.95016847495814,14.964757005063937,4.578711477964688,17.54285543225485
13.647571641573581,6.074786089820269,16.58425673191973,-0.5,0.5,-0.5,-0.5235987755982988,0.37335534208077226,-0.31528452,-0.018747121,-0.39111418,12.613309641130732,5.893803874757162,15.983161169382853,14.64682830818717,5.548524808729541,17.252890167374343,13.38056144898614,7.362966215689781,16.470908309829657,14.431721058757244,7.120421987294501,17.25768233482203,14.606383753325613,6.986919503013793,17.590500276337604,13.277491769259214,5.510031568044733,14.849623407365808,12.69821241864431,5.630381811240244,14.95016847495814,15.787501613887503,5.917076916844888,16.19571472980802
13.59757164157358,6.124786089820269,16.53425673191973,-0.5,0.5,-0.5,-0.5235987755982988,0.363591521356463,-0.31446153,-0.022925854,-0.39084262,12.613309641130732,5.893803874757162,15.983161169382853,13.38056144898614,7.362966215689781,16.470908309829657,14.64682830818717,5.548524808729541,17.252890167374343,14.431721058757244,7.120421987294501,17.25768233482203,14.606383753325613,6.986919503013793,17.590500276337604,13.277491769259214,5.510031568044733,14.849623407365808,12.69821241864431,5.630381811240244,14.95016847495814,15.787501613887503,5.917076916844888,16.19571472980802
13.54757164157358,6.174786089820269,16.48425673191973,-0.5,0.5,-0.5,-0.5235987755982988,0.3534716651388395,-0.31361607,-0.026486209,-0.39129373,12.613309641130732,5.893803874757162,15.983161169382853,13.38056144898614,7.362966215689781,16.470908309829657,14.64682830818717,5.548524808729541,17.252890167374343,14.431721058757244,7.120421987294501,17.25768233482203,14.606383753325613,6.986919503013793,17.590500276337604,13.277491769259214,5.510031568044733,14.849623407365808,12.69821241864431,5.630381811240244,14.95016847495814,15.787501613887503,5.917076916844888,16.19571472980802
13.497571641573579,6.2247860898202685,16.434256731919728,-0.5,0.5,-0.5,-0.5235987755982988,0.3429944613806586,-0.3127295,-0.030059684,-0.3917389,12.613309641130732,5.893803874757162,15.983161169382853,13.38056144898614,7.362966215689781,16.470908309829657,14.431721058757244,7.120421987294501,17.25768233482203,14.64682830818717,5.548524808729541,17.252890167374343,13.277491769259214,5.510031568044733,14.849623407365808,14.606383753325613,6.986919503013793,17.590500276337604,12.69821241864431,5.630381811240244,14.95016847495814,15.787501613887503,5.917076916844888,16.19571472980802
13.447571641573578,6.274786089820268,16.384256731919727,-0.5,0.5,-0.5,-0.5235987755982988,0.33215856134056776,-0.31180453,-0.033646647,-0.39217457,12.613309641130732,5.893803874757162,15.983161169382853,13.38056144898614,7.362966215689781,16.470908309829657,14.431721058757244,7.120421987294501,17.25768233482203,14.64682830818717,5.548524808729541,17.252890167374343,13.277491769259214,5.510031568044733,14.849623407365808,12.69821241864431,5.630381811240244,14.95016847495814,14.606383753325613,6.986919503013793,17.590500276337604,15.787501613887503,5.917076916844888,16.19571472980802
13.397571641573577,6.324786089820268,16.334256731919726,-0.5,0.5,-0.5,-0.5235987755982988,0.3209620531995858,-0.3108404,-0.037252728,-0.392605,12.613309641130732,5.893803874757162,15.983161169382853,13.38056144898614,7.362966215689781,16.470908309829657,14.431721058757244,7.120421987294501,17.25768233482203,13.277491769259214,5.510031568044733,14.849623407365808,12.69821241864431,5.630381811240244,14.95016847495814,14.64682830818717,5.548524808729541,17.252890167374343,14.606383753325613,6.986919503013793,17.590500276337604,15.787501613887503,5.917076916844888,16.19571472980802
13.347571641573577,6.374786089820268,16.284256731919726,-0.5,0.5,-0.5,-0.5235987755982988,0.3094021035019118,-0.30984694,-0.040887143,-0.39303282,12.613309641130732,5.893803874757162,15.983161169382853,13.38056144898614,7.362966215689781,16.470908309829657,14.431721058757244,7.120421987294501,17.25768233482203,12.69821241864431,5.630381811240244,14.95016847495814,13.277491769259214,5.510031568044733,14.849623407365808,14.64682830818717,5.548524808729541,17.252890167374343,14.606383753325613,6.986919503013793,17.590500276337604,15.787501613887503,5.917076916844888,16.19571472980802
13.297571641573576,6.424786089820268,16.234256731919725,-0.5,0.5,-0.5,-0.5235987755982988,0.2974763153957676,-0.308822,-0.044545528,-0.39344117,12.613309641130732,5.893803874757162,15.983161169382853,13.38056144898614,7.362966215689781,16.470908309829657,12.69821241864431,5.630381811240244,14.95016847495814,13.277491769259214,5.510031568044733,14.849623407365808,14.431721058757244,7.120421987294501,17.25768233482203,14.64682830818717,5.548524808729541,17.252890167374343,14.606383753325613,6.986919503013793,17.590500276337604,15.787501613887503,5.917076916844888,16.19571472980802
13.247571641573575,6.474786089820268,16.184256731919724,-0.5,0.5,-0.5,-0.5235987755982988,0.2851831905693952,-0.30774915,-0.048218895,-0.39384583,12.613309641130732,5.893803874757162,15.983161169382853,13.38056144898614,7.362966215689781,16.470908309829657,12.69821241864431,5.630381811240244,14.95016847495814,13.277491769259214,5.510031568044733,14.849623407365808,14.431721058757244,7.120421987294501,17.25768233482203,14.64682830818717,5.548524808729541,17.252890167374343,14.606383753325613,6.986919503013793,17.590500276337604,15.787501613887503,5.917076916844888,16.19571472980802
13.197571641573575,6.524786089820267,16.134256731919724,-0.5,0.5,-0.5,-0.5235987755982988,0.27252160659282765,-0.30662632,-0.051903486,-0.39424965,12.613309641130732,5.893803874757162,15.983161169382853,13.38056144898614,7.362966215689781,16.470908309829657,12.69821241864431,5.630381811240244,14.95016847495814,13.277491769259214,5.510031568044733,14.849623407365808,14.431721058757244,7.120421987294501,17.25768233482203,14.64682830818717,5.548524808729541,17.252890167374343,14.606383753325613,6.986919503013793,17.590500276337604,15.787501613887503,5.917076916844888,16.19571472980802
13.147571641573574,6.574786089820267,16.084256731919723,-0.5,0.5,-0.5,-0.5235987755982988,0.2594898021488119,-0.30545035,-0.05560569,-0.3946427,12.613309641130732,5.893803874757162,15.983161169382853,13.38056144898614,7.362966215689781,16.470908309829657,12.69821241864431,5.630381811240244,14.95016847495814,13.277491769259214,5.510031568044733,14.849623407365808,14.431721058757244,7.120421987294501,17.25768233482203,14.606383753325613,6.986919503013793,17.590500276337604,14.64682830818717,5.548524808729541,17.252890167374343,15.787501613887503,5.917076916844888,16.19571472980802
13.097571641573573,6.624786089820267,16.034256731919722,-0.5,0.5,-0.5,-0.5235987755982988,0.24608549065416271,-0.30422366,-0.05933076,-0.39502746,12.613309641130732,5.893803874757162,15.983161169382853,13.38056144898614,7.362966215689781,16.470908309829657,12.69821241864431,5.630381811240244,14.95016847495814,13.277491769259214,5.510031568044733,14.849623407365808,14.431721058757244,7.120421987294501,17.25768233482203,14.606383753325613,6.986919503013793,17.590500276337604,14.64682830818717,5.548524808729541,17.252890167374343,10.666701394634114,5.994503066760104,15.013359653476542
13.047571641573573,6.674786089820267,15.984256731919722,-0.5,0.5,-0.5,-0.5235987755982988,0.23221475493275265,-0.30352062,-0.063995,-0.39450735,12.613309641130732,5.893803874757162,15.983161169382853,13.38056144898614,7.362966215689781,16.470908309829657,12.69821241864431,5.630381811240244,14.95016847495814,13.277491769259214,5.510031568044733,14.849623407365808,14.431721058757244,7.120421987294501,17.25768233482203,14.606383753325613,6.986919503013793,17.590500276337604,14.64682830818717,5.548524808729541,17.252890167374343,10.666701394634114,5.994503066760104,15.013359653476542
12.997571641573572,6.724786089820267,15.93425673191972,-0.5,0.5,-0.5,-0.5235987755982988,0.21797196776371267,-0.3021367,-0.06771552,-0.3948941,12.613309641130732,5.893803874757162,15.983161169382853,13.38056144898614,7.362966215689781,16.470908309829657,12.69821241864431,5.630381811240244,14.95016847495814,13.277491769259214,5.510031568044733,14.849623407365808,14.431721058757244,7.120421987294501,17.25768233482203,14.606383753325613,6.986919503013793,17.590500276337604,14.64682830818717,5.548524808729541,17.252890167374343,10.666701394634114,5.994503066760104,15.013359653476542
12.947571641573571,6.7747860898202665,15.88425673191972,-0.5,0.5,-0.5,-0.5235987755982988,0.20335526426671935,-0.30068743,-0.07145468,-0.39527786,13.38056144898614,7.362966215689781,16.470908309829657,12.613309641130732,5.893803874757162,15.983161169382853,12.69821241864431,5.630381811240244,14.95016847495814,13.277491769259214,5.510031568044733,14.849623407365808,14.431721058757244,7.120421987294501,17.25768233482203,14.606383753325613,6.986919503013793,17.590500276337604,14.64682830818717,5.548524808729541,17.252890167374343,10.666701394634114,5.994503066760104,15.013359653476542
12.89757164157357,6.824786089820266,15.83425673191972,-0.5,0.5,-0.5,-0.5235987755982988,0.1883635462261927,-0.29917404,-0.07520483,-0.3956618,13.38056144898614,7.362966215689781,16.470908309829657,12.613309641130732,5.893803874757162,15.983161169382853,12.69821241864431,5.630381811240244,14.95016847495814,13.277491769259214,5.510031568044733,14.849623407365808,14.431721058757244,7.120421987294501,17.25768233482203,14.606383753325613,6.986919503013793,17.590500276337604,10.666701394634114,5.994503066760104,15.013359653476542,14.64682830818717,5.548524808729541,17.252890167374343
12.84757164157357,6.874786089820266,15.784256731919719,-0.5,0.5,-0.5,-0.5235987755982988,0.1729946127406244,-0.2975957,-0.07897698,-0.39604244,13.38056144898614,7.362966215689781,16.470908309829657,12.613309641130732,5.893803874757162,15.983161169382853,12.69821241864431,5.630381811240244,14.95016847495814,13.277491769259214,5.510031568044733,14.849623407365808,14.431721058757244,7.120421987294501,17.25768233482203,10.666701394634114,5.994503066760104,15.013359653476542,14.606383753325613,6.986919503013793,17.590500276337604,14.64682830818717,5.548524808729541,17.252890167374343
12.797571641573569,6.924786089820266,15.734256731919718,-0.5,0.5,-0.5,-0.5235987755982988,0.15724453064851732,-0.29596436,-0.08278847,-0.39643463,13.38056144898614,7.362966215689781,16.470908309829657,12.613309641130732,5.893803874757162,15.983161169382853,12.69821241864431,5.630381811240244,14.95016847495814,13.277491769259214,5.510031568044733,14.849623407365808,14.431721058757244,7.120421987294501,17.25768233482203,10.666701394634114,5.994503066760104,15.013359653476542,14.606383753325613,6.986919503013793,17.590500276337604,10.144590360594119,7.036827414012272,15.820952653475368
12.747571641573568,6.974786089820266,15.684256731919717,-0.5,0.4988937598206651,-0.5,-0.5235987755982988,0.14105760089944497,-0.29431573,-0.087156944,-0.3960837,13.38056144898614,7.362966215689781,16.470908309829657,12.613309641130732,5.893803874757162,15.983161169382853,12.69821241864431,5.630381811240244,14.95016847495814,13.277491769259214,5.510031568044733,14.849623407365808,14.431721058757244,7.120421987294501,17.25768233482203,10.666701394634114,5.994503066760104,15.013359653476542,10.144590360594119,7.036827414012272,15.820952653475368,14.606383753325613,6.986919503013793,17.590500276337604
12.697571641573568,7.024675465802332,15.634256731919717,-0.5,0.4961688266664229,-0.5,-0.5235987755982988,0.12453168239919961,-0.29259282,-0.09054683,-0.3965604,13.38056144898614,7.362966215689781,16.470908309829657,12.613309641130732,5.893803874757162,15.983161169382853,12.69821241864431,5.630381811240244,14.95016847495814,13.277491769259214,5.510031568044733,14.849623407365808,10.666701394634114,5.994503066760104,15.013359653476542,14.431721058757244,7.120421987294501,17.25768233482203,10.144590360594119,7.036827414012272,15.820952653475368,14.606383753325613,6.986919503013793,17.590500276337604
12.647571641573567,7.074292348468974,15.584256731919716,-0.5,0.49179130166215623,-0.5,-0.5235987755982988,0.10772722617851244,-0.29090378,-0.09333221,-0.397173,13.38056144898614,7.362966215689781,16.470908309829657,12.613309641130732,5.893803874757162,15.983161169382853,12.69821241864431,5.630381811240244,14.95016847495814,13.277491769259214,5.510031568044733,14.849623407365808,10.666701394634114,5.994503066760104,15.013359653476542,14.431721058757244,7.120421987294501,17.25768233482203,10.144590360594119,7.036827414012272,15.820952653475368,14.606383753325613,6.986919503013793,17.590500276337604
12.597571641573566,7.12347147863519,15.534256731919715,-0.5,0.48573333103582084,-0.5,-0.5235987755982988,0.09071022277478846,-0.28920743,-0.09545768,-0.39793277,13.38056144898614,7.362966215689781,16.470908309829657,12.613309641130732,5.893803874757162,15.983161169382853,12.69821241864431,5.630381811240244,14.95016847495814,13.277491769259214,5.510031568044733,14.849623407365808,10.666701394634114,5.994503066760104,15.013359653476542,10.144590360594119,7.036827414012272,15.820952653475368,14.431721058757244,7.120421987294501,17.25768233482203,14.606383753325613,6.986919503013793,17.590500276337604
12.547571641573565,7.172044811738772,15.484256731919714,-0.5,0.47797366006911307,-0.5,-0.5235987755982988,0.07355250621579486,-0.28749946,-0.09686481,-0.39885935,13.38056144898614,7.362966215689781,16.470908309829657,12.613309641130732,5.893803874757162,15.983161169382853,12.69821241864431,5.630381811240244,14.95016847495814,13.277491769259214,5.510031568044733,14.849623407365808,10.666701394634114,5.994503066760104,15.013359653476542,10.144590360594119,7.036827414012272,15.820952653475368,14.431721058757244,7.120421987294501,17.25768233482203,14.606383753325613,6.986919503013793,17.590500276337604
12.497571641573565,7.219842177745683,15.434256731919714,-0.5,0.46849821744650594,-0.5,-0.5235987755982988,0.056332833608789476,-0.28579417,-0.09748437,-0.39997312,13.38056144898614,7.362966215689781,16.470908309829657,12.613309641130732,5.893803874757162,15.983161169382853,12.69821241864431,5.630381811240244,14.95016847495814,13.277491769259214,5.510031568044733,14.849623407365808,10.666701394634114,5.994503066760104,15.013359653476542,10.144590360594119,7.036827414012272,15.820952653475368,14.431721058757244,7.120421987294501,17.25768233482203,14.606383753325613,6.986919503013793,17.590500276337604
12.447571641573564,7.266691999490334,15.384256731919713,-0.5,0.45730080756319824,-0.5,-0.5235987755982988,0.0391344972294395,-0.28412163,-0.09727101,-0.40135577,13.38056144898614,7.362966215689781,16.470908309829657,12.613309641130732,5.893803874757162,15.983161169382853,12.69821241864431,5.630381811240244,14.95016847495814,13.277491769259214,5.510031568044733,14.849623407365808,10.666701394634114,5.994503066760104,15.013359653476542,10.144590360594119,7.036827414012272,15.820952653475368,14.431721058757244,7.120421987294501,17.25768233482203,14.606383753325613,6.986919503013793,17.590500276337604
12.397571641573563,7.3124220802466535,15.334256731919712,-0.5,0.44438356404195556,-0.5,-0.5235987755982988,0.022047606634658313,-0.2824689,-0.09615655,-0.40296414,13.38056144898614,7.362966215689781,16.470908309829657,12.613309641130732,5.893803874757162,15.983161169382853,12.69821241864431,5.630381811240244,14.95016847495814,13.277491769259214,5.510031568044733,14.849623407365808,10.666701394634114,5.994503066760104,15.013359653476542,10.144590360594119,7.036827414012272,15.820952653475368,14.431721058757244,7.120421987294501,17.25768233482203,14.606383753325613,6.986919503013793,17.590500276337604
12.347571641573563,7.356860436650849,15.284256731919712,-0.5,0.42975763146123475,-0.5,-0.5235987755982988,0.005179151416759682,-0.2808184,-0.0939722,-0.40471518,13.38056144898614,7.362966215689781,16.470908309829657,12.613309641130732,5.893803874757162,15.983161169382853,12.69821241864431,5.630381811240244,14.95016847495814,13.277491769259214,5.510031568044733,14.849623407365808,10.666701394634114,5.994503066760104,15.013359653476542,10.144590360594119,7.036827414012272,15.820952653475368,14.431721058757244,7.120421987294501,17.25768233482203,11.092822761445749,7.018039193213166,12.335470995821886
12.297571641573562,7.399836199796972,15.23425673191971,-0.5,0.4134448533587241,-0.5,-0.5235987755982988,-0.01162245495684917,-0.2798847,-0.09330371,-0.40471008,13.38056144898614,7.362966215689781,16.470908309829657,12.613309641130732,5.893803874757162,15.983161169382853,12.69821241864431,5.630381811240244,14.95016847495814,13.277491769259214,5.510031568044733,14.849623407365808,10.666701394634114,5.994503066760104,15.013359653476542,10.144590360594119,7.036827414012272,15.820952653475368,14.431721058757244,7.120421987294501,17.25768233482203,11.092822761445749,7.018039193213166,12.335470995821886
12.247571641573561,7.441180685132845,15.18425673191971,-0.5,0.39545191461885254,-0.5,-0.5235987755982988,-0.02794312188257823,-0.27818698,-0.088494316,-0.40698275,13.38056144898614,7.362966215689781,16.470908309829657,12.613309641130732,5.893803874757162,15.983161169382853,12.69821241864431,5.630381811240244,14.95016847495814,10.666701394634114,5.994503066760104,15.013359653476542,13.277491769259214,5.510031568044733,14.849623407365808,10.144590360594119,7.036827414012272,15.820952653475368,14.431721058757244,7.120421987294501,17.25768233482203,11.092822761445749,7.018039193213166,12.335470995821886
12.19757164157356,7.48072587659473,15.13425673191971,-0.5,0.3758269091864081,-0.5,-0.5235987755982988,-0.04365709846111262,-0.27643633,-0.08242741,-0.409477,13.38056144898614,7.362966215689781,16.470908309829657,12.613309641130732,5.893803874757162,15.983161169382853,12.69821241864431,5.630381811240244,14.95016847495814,10.666701394634114,5.994503066760104,15.013359653476542,10.144590360594119,7.036827414012272,15.820952653475368,13.277491769259214,5.510031568044733,14.849623407365808,11.092822761445749,7.018039193213166,12.335470995821886,14.431721058757244,7.120421987294501,17.25768233482203
12.14757164157356,7.518308567513371,15.084256731919709,-0.5,0.3546305060961102,-0.5,-0.5235987755982988,-0.05862978175833025,-0.2745967,-0.07501448,-0.41216728,13.38056144898614,7.362966215689781,16.470908309829657,12.613309641130732,5.893803874757162,15.983161169382853,12.69821241864431,5.630381811240244,14.95016847495814,10.666701394634114,5.994503066760104,15.013359653476542,10.144590360594119,7.036827414012272,15.820952653475368,13.277491769259214,5.510031568044733,14.849623407365808,11.092822761445749,7.018039193213166,12.335470995821886,14.431721058757244,7.120421987294501,17.25768233482203
12.097571641573559,7.5537716181229815,15.034256731919708,-0.5,0.33193683467609053,-0.5,-0.5235987755982988,-0.07271682124551408,-0.27261862,-0.06615804,-0.41503048,13.38056144898614,7.362966215689781,16.470908309829657,12.613309641130732,5.893803874757162,15.983161169382853,12.69821241864431,5.630381811240244,14.95016847495814,10.666701394634114,5.994503066760104,15.013359653476542,10.144590360594119,7.036827414012272,15.820952653475368,13.277491769259214,5.510031568044733,14.849623407365808,11.092822761445749,7.018039193213166,12.335470995821886,14.431721058757244,7.120421987294501,17.25768233482203
12.047571641573558,7.586965301590591,14.984256731919707,-0.5,0.3078344593073525,-0.5,-0.5235987755982988,-0.08576651639618821,-0.2704455,-0.055784598,-0.41801682,13.38056144898614,7.362966215689781,16.470908309829657,12.613309641130732,5.893803874757162,15.983161169382853,12.69821241864431,5.630381811240244,14.95016847495814,10.666701394634114,5.994503066760104,15.013359653476542,10.144590360594119,7.036827414012272,15.820952653475368,13.277491769259214,5.510031568044733,14.849623407365808,11.092822761445749,7.018039193213166,12.335470995821886,14.431721058757244,7.120421987294501,17.25768233482203
11.997571641573558,7.617748747521326,14.934256731919707,-0.5,0.282427114423547,-0.5,-0.5235987755982988,-0.09762048053284905,-0.26800504,-0.043827288,-0.42105994,13.38056144898614,7.362966215689781,16.470908309829657,10.666701394634114,5.994503066760104,15.013359653476542,12.69821241864431,5.630381811240244,14.95016847495814,12.613309641130732,5.893803874757162,15.983161169382853,10.144590360594119,7.036827414012272,15.820952653475368,13.277491769259214,5.510031568044733,14.849623407365808,11.092822761445749,7.018039193213166,12.335470995821886,14.431721058757244,7.120421987294501,17.25768233482203
11.947571641573557,7.645991458963681,14.884256731919706,-0.5,0.2558343731260755,-0.5,-0.5235987755982988,-0.10811595069321489,-0.2652164,-0.030242348,-0.4240763,10.666701394634114,5.994503066760104,15.013359653476542,10.144590360594119,7.036827414012272,15.820952653475368,12.69821241864431,5.630381811240244,14.95016847495814,13.38056144898614,7.362966215689781,16.470908309829657,12.613309641130732,5.893803874757162,15.983161169382853,13.277491769259214,5.510031568044733,14.849623407365808,11.092822761445749,7.018039193213166,12.335470995821886,14.431721058757244,7.120421987294501,17.25768233482203
11.897571641573556,7.671574896276288,14.834256731919705,-0.5,0.22819208481256736,-0.5,-0.5235987755982988,-0.11708766927435567,-0.26198626,-0.015004832,-0.42696217,10.666701394634114,5.994503066760104,15.013359653476542,10.144590360594119,7.036827414012272,15.820952653475368,12.69821241864431,5.630381811240244,14.95016847495814,13.38056144898614,7.362966215689781,16.470908309829657,12.613309641130732,5.893803874757162,15.983161169382853,13.277491769259214,5.510031568044733,14.849623407365808,11.092822761445749,7.018039193213166,12.335470995821886,9.076971814284246,9.576387288547213,15.669731291369908
11.847571641573555,7.694394104757545,14.784256731919704,-0.5,0.19965262464094516,-0.5,-0.5235987755982988,-0.12441439158123378,-0.25845551,0.0014451304,-0.42907766,10.666701394634114,5.994503066760104,15.013359653476542,10.144590360594119,7.036827414012272,15.820952653475368,12.69821241864431,5.630381811240244,14.95016847495814,12.613309641130732,5.893803874757162,15.983161169382853,13.38056144898614,7.362966215689781,16.470908309829657,13.277491769259214,5.510031568044733,14.849623407365808,11.092822761445749,7.018039193213166,12.335470995821886,9.076971814284246,9.576387288547213,15.669731291369908
11.797571641573555,7.71435936722164,14.734256731919704,-0.5,0.17038049223863516,-0.5,-0.5235987755982988,-0.1298888061400624,-0.25401688,0.019968208,-0.43135998,10.666701394634114,5.994503066760104,15.013359653476542,10.144590360594119,7.036827414012272,15.820952653475368,12.69821241864431,5.630381811240244,14.95016847495814,12.613309641130732,5.893803874757162,15.983161169382853,13.38056144898614,7.362966215689781,16.470908309829657,11.092822761445749,7.018039193213166,12.335470995821886,13.277491769259214,5.510031568044733,14.849623407365808,9.076971814284246,9.576387288547213,15.669731291369908
11.747571641573554,7.731397416445503,14.684256731919703,-0.5,0.1405609183804423,-0.5,-0.5235987755982988,-0.13336219293600116,-0.24880445,0.039978486,-0.4331061,10.666701394634114,5.994503066760104,15.013359653476542,10.144590360594119,7.036827414012272,15.820952653475368,12.69821241864431,5.630381811240244,14.95016847495814,12.613309641130732,5.893803874757162,15.983161169382853,13.38056144898614,7.362966215689781,16.470908309829657,11.092822761445749,7.018039193213166,12.335470995821886,13.277491769259214,5.510031568044733,14.849623407365808,9.076971814284246,9.576387288547213,15.669731291369908
11.697571641573553,7.745453508283547,14.634256731919702,-0.5,0.11039400584265555,-0.5,-0.5235987755982988,-0.13470266030120717,-0.24271551,0.06130768,-0.4341704,10.666701394634114,5.994503066760104,15.013359653476542,10.144590360594119,7.036827414012272,15.820952653475368,12.69821241864431,5.630381811240244,14.95016847495814,12.613309641130732,5.893803874757162,15.983161169382853,11.092822761445749,7.018039193213166,12.335470995821886,13.38056144898614,7.362966215689781,16.470908309829657,13.277491769259214,5.510031568044733,14.849623407365808,9.076971814284246,9.576387288547213,15.669731291369908
11.647571641573553,7.756492908867813,14.584256731919702,-0.5,0.0800930465683482,-0.5,-0.5235987755982988,-0.13379995119124594,-0.23566228,0.083739445,-0.43443012,10.666701394634114,5.994503066760104,15.013359653476542,10.144590360594119,7.036827414012272,15.820952653475368,12.69821241864431,5.630381811240244,14.95016847495814,11.092822761445749,7.018039193213166,12.335470995821886,12.613309641130732,5.893803874757162,15.983161169382853,13.38056144898614,7.362966215689781,16.470908309829657,13.277491769259214,5.510031568044733,14.849623407365808,9.076971814284246,9.576387288547213,15.669731291369908
11.597571641573552,7.764502213524648,14.534256731919701,-0.5,0.049882358205036975,-0.5,-0.5235987755982988,-0.13057059265387075,-0.2275654,0.10700594,-0.43376598,10.666701394634114,5.994503066760104,15.013359653476542,10.144590360594119,7.036827414012272,15.820952653475368,11.092822761445749,7.018039193213166,12.335470995821886,12.69821241864431,5.630381811240244,14.95016847495814,12.613309641130732,5.893803874757162,15.983161169382853,13.38056144898614,7.362966215689781,16.470908309829657,13.277491769259214,5.510031568044733,14.849623407365808,9.076971814284246,9.576387288547213,15.669731291369908
11.547571641573551,7.7694904493451515,14.4842567319197,-0.5,0.01999460569546327,-0.5,-0.5235987755982988,-0.1249615276145348,-0.21837184,0.130803,-0.43210328,10.666701394634114,5.994503066760104,15.013359653476542,10.144590360594119,7.036827414012272,15.820952653475368,11.092822761445749,7.018039193213166,12.335470995821886,12.69821241864431,5.630381811240244,14.95016847495814,12.613309641130732,5.893803874757162,15.983161169382853,13.38056144898614,7.362966215689781,16.470908309829657,13.277491769259214,5.510031568044733,14.849623407365808,9.076971814284246,9.576387288547213,15.669731291369908
11.49757164157355,7.771489909914698,14.4342567319197,-0.5,-0.009332240310176845,-0.5,-0.5235987755982988,-0.11695220588183566,-0.20804156,0.15480557,-0.42940536,10.666701394634114,5.994503066760104,15.013359653476542,10.144590360594119,7.036827414012272,15.820952653475368,11.092822761445749,7.018039193213166,12.335470995821886,12.69821241864431,5.630381811240244,14.95016847495814,12.613309641130732,5.893803874757162,15.983161169382853,13.38056144898614,7.362966215689781,16.470908309829657,13.277491769259214,5.510031568044733,14.849623407365808,9.81068448614542,9.390828706647556,12.15963753759981
11.44757164157355,7.7705566858836805,14.384256731919699,-0.5,-0.03785815414254705,-0.5,-0.5235987755982988,-0.10652738356787203,-0.19679625,0.17896058,-0.42638332,10.666701394634114,5.994503066760104,15.013359653476542,10.144590360594119,7.036827414012272,15.820952653475368,11.092822761445749,7.018039193213166,12.335470995821886,12.69821241864431,5.630381811240244,14.95016847495814,12.613309641130732,5.893803874757162,15.983161169382853,13.38056144898614,7.362966215689781,16.470908309829657,13.277491769259214,5.510031568044733,14.849623407365808,9.81068448614542,9.390828706647556,12.15963753759981
11.397571641573549,7.766770870469426,14.334256731919698,-0.5,-0.06534158574352089,-0.5,-0.5235987755982988,-0.09376097639262987,-0.18419653,0.20237643,-0.4216976,10.666701394634114,5.994503066760104,15.013359653476542,10.144590360594119,7.036827414012272,15.820952653475368,11.092822761445749,7.018039193213166,12.335470995821886,12.69821241864431,5.630381811240244,14.95016847495814,12.613309641130732,5.893803874757162,15.983161169382853,13.38056144898614,7.362966215689781,16.470908309829657,13.277491769259214,5.510031568044733,14.849623407365808,9.81068448614542,9.390828706647556,12.15963753759981
11.347571641573548,7.7602367118950735,14.284256731919697,-0.5,-0.0915483766269705,-0.5,-0.5235987755982988,-0.07873137042445329,-0.17048728,0.22500841,-0.41610554,10.666701394634114,5.994503066760104,15.013359653476542,10.144590360594119,7.036827414012272,15.820952653475368,11.092822761445749,7.018039193213166,12.335470995821886,12.69821241864431,5.630381811240244,14.95016847495814,12.613309641130732,5.893803874757162,15.983161169382853,13.38056144898614,7.362966215689781,16.470908309829657,13.277491769259214,5.510031568044733,14.849623407365808,9.81068448614542,9.390828706647556,12.15963753759981
11.297571641573548,7.751081874232376,14.234256731919697,-0.5,-0.0952368773843716,-0.5,-0.5235987755982988,-0.055446138212876625,-0.1556823,0.24661379,-0.4097308,10.666701394634114,5.994503066760104,15.013359653476542,11.092822761445749,7.018039193213166,12.335470995821886,10.144590360594119,7.036827414012272,15.820952653475368,12.69821241864431,5.630381811240244,14.95016847495814,12.613309641130732,5.893803874757162,15.983161169382853,9.81068448614542,9.390828706647556,12.15963753759981,13.277491769259214,5.510031568044733,14.849623407365808,13.38056144898614,7.362966215689781,16.470908309829657
11.247571641573547,7.741558186493939,14.184256731919696,-0.5,-0.09659685492061502,-0.5,-0.5235987755982988,-0.032194534941882236,-0.14387722,0.2462775,-0.41416737,11.092822761445749,7.018039193213166,12.335470995821886,10.666701394634114,5.994503066760104,15.013359653476542,10.144590360594119,7.036827414012272,15.820952653475368,12.69821241864431,5.630381811240244,14.95016847495814,12.613309641130732,5.893803874757162,15.983161169382853,9.81068448614542,9.390828706647556,12.15963753759981,13.277491769259214,5.510031568044733,14.849623407365808,8.811185131238865,6.297423122971281,12.898508005604452
11.197571641573546,7.7318985010018775,14.134256731919695,-0.5,-0.08416479529497715,-0.5,-0.5235987755982988,-0.0007701386188726858,-0.13100433,0.2429132,-0.41958234,11.092822761445749,7.018039193213166,12.335470995821886,10.666701394634114,5.994503066760104,15.013359653476542,10.144590360594119,7.036827414012272,15.820952653475368,12.69821241864431,5.630381811240244,14.95016847495814,9.81068448614542,9.390828706647556,12.15963753759981,12.613309641130732,5.893803874757162,15.983161169382853,8.811185131238865,6.297423122971281,12.898508005604452,13.277491769259214,5.510031568044733,14.849623407365808
11.147571641573546,7.72348202147238,14.084256731919695,-0.5,-0.06859029603703834,-0.5,-0.5235987755982988,0.028168255258915913,-0.118507974,0.21805318,-0.4365107,11.092822761445749,7.018039193213166,12.335470995821886,10.666701394634114,5.994503066760104,15.013359653476542,10.144590360594119,7.036827414012272,15.820952653475368,12.69821241864431,5.630381811240244,14.95016847495814,9.81068448614542,9.390828706647556,12.15963753759981,8.811185131238865,6.297423122971281,12.898508005604452,12.613309641130732,5.893803874757162,15.983161169382853,13.277491769259214,5.510031568044733,14.849623407365808
11.097571641573545,7.716622991868676,14.034256731919694,-0.5,-0.05012195739132066,-0.5,-0.5235987755982988,0.053795947885674544,-0.10269457,0.18494616,-0.4555537,11.092822761445749,7.018039193213166,12.335470995821886,10.666701394634114,5.994503066760104,15.013359653476542,10.144590360594119,7.036827414012272,15.820952653475368,12.69821241864431,5.630381811240244,14.95016847495814,9.81068448614542,9.390828706647556,12.15963753759981,8.811185131238865,6.297423122971281,12.898508005604452,12.613309641130732,5.893803874757162,15.983161169382853,9.41926902645607,10.120264691209451,12.92507920347819
11.047571641573544,7.711610796129544,13.984256731919693,-0.5,-0.029090849482927113,-0.5,-0.5235987755982988,0.07511012091537965,-0.08222951,0.14181097,-0.4747604,11.092822761445749,7.018039193213166,12.335470995821886,10.666701394634114,5.994503066760104,15.013359653476542,10.144590360594119,7.036827414012272,15.820952653475368,9.81068448614542,9.390828706647556,12.15963753759981,12.69821241864431,5.630381811240244,14.95016847495814,8.811185131238865,6.297423122971281,12.898508005604452,9.41926902645607,10.120264691209451,12.92507920347819,12.613309641130732,5.893803874757162,15.983161169382853
10.997571641573543,7.708701711181251,13.934256731919692,-0.5,-0.005928324271563059,-0.5,-0.5235987755982988,0.09106499446416969,-0.05562481,0.08821797,-0.49137884,11.092822761445749,7.018039193213166,12.335470995821886,10.666701394634114,5.994503066760104,15.013359653476542,10.144590360594119,7.036827414012272,15.820952653475368,9.81068448614542,9.390828706647556,12.15963753759981,8.811185131238865,6.297423122971281,12.898508005604452,12.69821241864431,5.630381811240244,14.95016847495814,9.41926902645607,10.120264691209451,12.92507920347819,12.613309641130732,5.893803874757162,15.983161169382853
10.947571641573543,7.708108878754095,13.884256731919692,-0.5,-0.001625029446485628,-0.5,-0.5187543015051151,0.10188999973146522,-0.021879505,0.02532969,-0.5010952,11.092822761445749,7.018039193213166,12.335470995821886,10.666701394634114,5.994503066760104,15.013359653476542,10.144590360594119,7.036827414012272,15.820952653475368,9.81068448614542,9.390828706647556,12.15963753759981,8.811185131238865,6.297423122971281,12.898508005604452,12.69821241864431,5.630381811240244,14.95016847495814,9.41926902645607,10.120264691209451,12.92507920347819,9.076971814284246,9.576387288547213,15.669731291369908
10.897571641573542,7.707946375809446,13.834256731919691,-0.5,0.003760765905321356,-0.5,-0.5108226821355638,0.10980773406060271,0.008991947,-0.003743019,-0.5016779,11.092822761445749,7.018039193213166,12.335470995821886,10.666701394634114,5.994503066760104,15.013359653476542,10.144590360594119,7.036827414012272,15.820952653475368,9.81068448614542,9.390828706647556,12.15963753759981,8.811185131238865,6.297423122971281,12.898508005604452,12.69821241864431,5.630381811240244,14.95016847495814,9.41926902645607,10.120264691209451,12.92507920347819,9.076971814284246,9.576387288547213,15.669731291369908
10.847571641573541,7.708322452399979,13.78425673191969,-0.5,0.00993833469004209,-0.5,-0.4999394353550642,0.11474160362040065,0.03850822,-0.033581667,-0.49917418,11.092822761445749,7.018039193213166,12.335470995821886,10.666701394634114,5.994503066760104,15.013359653476542,10.144590360594119,7.036827414012272,15.820952653475368,9.81068448614542,9.390828706647556,12.15963753759981,8.811185131238865,6.297423122971281,12.898508005604452,9.41926902645607,10.120264691209451,12.92507920347819,12.69821241864431,5.630381811240244,14.95016847495814,9.076971814284246,9.576387288547213,15.669731291369908
10.79757164157354,7.709316285868983,13.73425673191969,-0.5,0.016609290430742617,-0.5,-0.48637903701378116,0.11671440905013075,0.06527974,-0.06319231,-0.48746163,11.092822761445749,7.018039193213166,12.335470995821886,10.666701394634114,5.994503066760104,15.013359653476542,10.144590360594119,7.036827414012272,15.820952653475368,9.81068448614542,9.390828706647556,12.15963753759981,8.811185131238865,6.297423122971281,12.898508005604452,9.41926902645607,10.120264691209451,12.92507920347819,12.69821241864431,5.630381811240244,14.95016847495814,9.180270842348586,10.379207381286768,13.131950008215185
10.74757164157354,7.710977214912058,13.684256731919689,-0.5,0.023477526714416157,-0.5,-0.4710695314308676,0.11655819542807062,0.08277081,-0.0844825,-0.43818465,11.092822761445749,7.018039193213166,12.335470995821886,10.666701394634114,5.994503066760104,15.013359653476542,10.144590360594119,7.036827414012272,15.820952653475368,9.81068448614542,9.390828706647556,12.15963753759981,8.811185131238865,6.297423122971281,12.898508005604452,9.41926902645607,10.120264691209451,12.92507920347819,12.69821241864431,5.630381811240244,14.95016847495814,9.180270842348586,10.379207381286768,13.131950008215185
10.69757164157354,7.7133249675835,13.634256731919688,-0.5,0.03033014163588368,-0.5,-0.4544455154428904,0.11464093500897338,0.09591591,-0.10209297,-0.38814855,11.092822761445749,7.018039193213166,12.335470995821886,10.666701394634114,5.994503066760104,15.013359653476542,10.144590360594119,7.036827414012272,15.820952653475368,9.81068448614542,9.390828706647556,12.15963753759981,8.811185131238865,6.297423122971281,12.898508005604452,9.41926902645607,10.120264691209451,12.92507920347819,9.180270842348586,10.379207381286768,13.131950008215185,12.69821241864431,5.630381811240244,14.95016847495814
10.647571641573538,7.716357981747088,13.584256731919687,-0.5,0.03699103051544148,-0.5,-0.4368248449742175,0.11132025417137523,0.10588246,-0.11612717,-0.33808374,11.092822761445749,7.018039193213166,12.335470995821886,10.666701394634114,5.994503066760104,15.013359653476542,9.81068448614542,9.390828706647556,12.15963753759981,10.144590360594119,7.036827414012272,15.820952653475368,8.811185131238865,6.297423122971281,12.898508005604452,9.41926902645607,10.120264691209451,12.92507920347819,9.180270842348586,10.379207381286768,13.131950008215185,9.076971814284246,9.576387288547213,15.669731291369908
10.597571641573538,7.720057084798633,13.534256731919687,-0.5,0.04331985131123947,-0.5,-0.4184502033162841,0.10689604325465071,0.11342217,-0.12716247,-0.28761995,11.092822761445749,7.018039193213166,12.335470995821886,10.666701394634114,5.994503066760104,15.013359653476542,9.81068448614542,9.390828706647556,12.15963753759981,8.811185131238865,6.297423122971281,12.898508005604452,10.144590360594119,7.036827414012272,15.820952653475368,9.41926902645607,10.120264691209451,12.92507920347819,9.180270842348586,10.379207381286768,13.131950008215185,9.076971814284246,9.576387288547213,15.669731291369908
10.547571641573537,7.724389069929757,13.484256731919686,-0.5,0.04920625101536501,-0.5,-0.399490726844279,0.1016513550310834,0.11927052,-0.13536724,-0.23754084,11.092822761445749,7.018039193213166,12.335470995821886,9.81068448614542,9.390828706647556,12.15963753759981,10.666701394634114,5.994503066760104,15.013359653476542,8.811185131238865,6.297423122971281,12.898508005604452,10.144590360594119,7.036827414012272,15.820952653475368,9.41926902645607,10.120264691209451,12.92507920347819,9.180270842348586,10.379207381286768,13.131950008215185,9.076971814284246,9.576387288547213,15.669731291369908
10.497571641573536,7.729309695031293,13.434256731919685,-0.5,0.05456818189713381,-0.5,-0.3800895099190307,0.09582371102987097,0.12368792,-0.1411968,-0.18745333,11.092822761445749,7.018039193213166,12.335470995821886,9.81068448614542,9.390828706647556,12.15963753759981,8.811185131238865,6.297423122971281,12.898508005604452,10.666701394634114,5.994503066760104,15.013359653476542,10.144590360594119,7.036827414012272,15.820952653475368,9.41926902645607,10.120264691209451,12.92507920347819,9.180270842348586,10.379207381286768,13.131950008215185,8.562382896532094,9.964272690197104,12.186386641522686
10.447571641573536,7.734766513221006,13.384256731919685,-0.5,0.059347348378781375,-0.5,-0.3603619247810825,0.08963829014839426,0.1269516,-0.14477457,-0.13806212,11.092822761445749,7.018039193213166,12.335470995821886,9.81068448614542,9.390828706647556,12.15963753759981,8.811185131238865,6.297423122971281,12.898508005604452,10.666701394634114,5.994503066760104,15.013359653476542,10.144590360594119,7.036827414012272,15.820952653475368,9.41926902645607,10.120264691209451,12.92507920347819,9.180270842348586,10.379207381286768,13.131950008215185,8.562382896532094,9.964272690197104,12.186386641522686
10.397571641573535,7.740701248058884,13.334256731919684,-0.5,0.06350797277228126,-0.5,-0.3403805445557968,0.08325146666233763,0.12948956,-0.1467886,-0.08801178,11.092822761445749,7.018039193213166,12.335470995821886,9.81068448614542,9.390828706647556,12.15963753759981,8.811185131238865,6.297423122971281,12.898508005604452,10.666701394634114,5.994503066760104,15.013359653476542,10.144590360594119,7.036827414012272,15.820952653475368,9.41926902645607,10.120264691209451,12.92507920347819,9.180270842348586,10.379207381286768,13.131950008215185,8.562382896532094,9.964272690197104,12.186386641522686
10.347571641573534,7.747052045336113,13.284256731919683,-0.5,0.06702991481717549,-0.5,-0.3202083102579403,0.07680606522151186,0.1313981,-0.14737438,-0.037945006,11.092822761445749,7.018039193213166,12.335470995821886,9.81068448614542,9.390828706647556,12.15963753759981,8.811185131238865,6.297423122971281,12.898508005604452,10.666701394634114,5.994503066760104,15.013359653476542,9.41926902645607,10.120264691209451,12.92507920347819,10.144590360594119,7.036827414012272,15.820952653475368,9.180270842348586,10.379207381286768,13.131950008215185,8.562382896532094,9.964272690197104,12.186386641522686
10.297571641573533,7.7537550368178305,13.234256731919682,-0.5,0.06990731671798714,-0.5,-0.29989102656690675,0.07042691732358618,0.13284859,-0.14671184,0.012143348,11.092822761445749,7.018039193213166,12.335470995821886,9.81068448614542,9.390828706647556,12.15963753759981,8.811185131238865,6.297423122971281,12.898508005604452,10.666701394634114,5.994503066760104,15.013359653476542,9.41926902645607,10.120264691209451,12.92507920347819,10.144590360594119,7.036827414012272,15.820952653475368,9.180270842348586,10.379207381286768,13.131950008215185,8.562382896532094,9.964272690197104,12.186386641522686
10.247571641573533,7.760745768489629,13.184256731919682,-0.5,0.07214680382900622,-0.4995405188049925,-0.27946397347193874,0.06421760094001902,0.13394628,-0.14501353,0.062222328,11.092822761445749,7.018039193213166,12.335470995821886,9.81068448614542,9.390828706647556,12.15963753759981,8.811185131238865,6.297423122971281,12.898508005604452,9.41926902645607,10.120264691209451,12.92507920347819,10.666701394634114,5.994503066760104,15.013359653476542,10.144590360594119,7.036827414012272,15.820952653475368,9.180270842348586,10.379207381286768,13.131950008215185,8.562382896532094,9.964272690197104,12.186386641522686
10.197571641573532,7.76796044887253,13.134302680039182,-0.5,0.07376535930166858,-0.4941538691959883,-0.2589507469617867,0.058264484691206035,0.13480802,-0.14245152,0.11149401,11.092822761445749,7.018039193213166,12.335470995821886,9.81068448614542,9.390828706647556,12.15963753759981,8.811185131238865,6.297423122971281,12.898508005604452,9.41926902645607,10.120264691209451,12.92507920347819,10.666701394634114,5.994503066760104,15.013359653476542,10.144590360594119,7.036827414012272,15.820952653475368,9.180270842348586,10.379207381286768,13.131950008215185,8.562382896532094,9.964272690197104,12.186386641522686
10.147571641573531,7.7753369848026965,13.084887293119584,-0.5,0.07478860314944964,-0.48471785361947195,-0.2383663629365857,0.05264924035153459,0.1355196,-0.1390728,0.15198767,11.092822761445749,7.018039193213166,12.335470995821886,9.81068448614542,9.390828706647556,12.15963753759981,8.811185131238865,6.297423122971281,12.898508005604452,9.41926902645607,10.120264691209451,12.92507920347819,10.666701394634114,5.994503066760104,15.013359653476542,9.180270842348586,10.379207381286768,13.131950008215185,10.144590360594119,7.036827414012272,15.820952653475368,8.562382896532094,9.964272690197104,12.186386641522686
10.09757164157353,7.782815845117642,13.036415507757637,-0.5,0.07525032256326357,-0.47201466755412125,-0.2177356750430909,0.04742568346465627,0.13598263,-0.13515593,0.18465938,11.092822761445749,7.018039193213166,12.335470995821886,9.81068448614542,9.390828706647556,12.15963753759981,8.811185131238865,6.297423122971281,12.898508005604452,9.41926902645607,10.120264691209451,12.92507920347819,10.666701394634114,5.994503066760104,15.013359653476542,9.180270842348586,10.379207381286768,13.131950008215185,8.562382896532094,9.964272690197104,12.186386641522686,10.144590360594119,7.036827414012272,15.820952653475368
10.04757164157353,7.790340877373969,12.989214041002224,-0.5,0.07518968628838965,-0.4567062772045794,-0.19707703853166095,0.04262344498960503,0.13626212,-0.13094275,0.21071142,11.092822761445749,7.018039193213166,12.335470995821886,9.81068448614542,9.390828706647556,12.15963753759981,8.811185131238865,6.297423122971281,12.898508005604452,9.41926902645607,10.120264691209451,12.92507920347819,9.180270842348586,10.379207381286768,13.131950008215185,8.562382896532094,9.964272690197104,12.186386641522686,10.666701394634114,5.994503066760104,15.013359653476542,9.453384988384396,5.525336347200723,11.268925022509526
9.99757164157353,7.797859846002807,12.943543413281766,-0.5,0.06312838221219645,-0.43418098968526936,-0.17024882813779343,0.022230284527132493,0.13627748,-0.12803544,0.23219338,11.092822761445749,7.018039193213166,12.335470995821886,9.81068448614542,9.390828706647556,12.15963753759981,8.811185131238865,6.297423122971281,12.898508005604452,9.41926902645607,10.120264691209451,12.92507920347819,8.562382896532094,9.964272690197104,12.186386641522686,9.180270842348586,10.379207381286768,13.131950008215185,10.666701394634114,5.994503066760104,15.013359653476542,9.453384988384396,5.525336347200723,11.268925022509526
9.947571641573528,7.804172684224027,12.90012531431324,-0.5,0.049027762089756004,-0.4110374157351236,-0.14487405614514814,0.008991065755581736,0.1217431,-0.056496024,0.23837624,11.092822761445749,7.018039193213166,12.335470995821886,9.81068448614542,9.390828706647556,12.15963753759981,8.811185131238865,6.297423122971281,12.898508005604452,9.41926902645607,10.120264691209451,12.92507920347819,8.562382896532094,9.964272690197104,12.186386641522686,9.180270842348586,10.379207381286768,13.131950008215185,9.453384988384396,5.525336347200723,11.268925022509526,10.666701394634114,5.994503066760104,15.013359653476542
9.897571641573528,7.809075460433003,12.859021572739728,-0.5,0.03360322009016048,-0.38754053376295555,-0.12061202016901479,0.001695611404257195,0.11061574,0.00294162,0.24190933,11.092822761445749,7.018039193213166,12.335470995821886,9.81068448614542,9.390828706647556,12.15963753759981,8.811185131238865,6.297423122971281,12.898508005604452,9.41926902645607,10.120264691209451,12.92507920347819,8.562382896532094,9.964272690197104,12.186386641522686,9.180270842348586,10.379207381286768,13.131950008215185,9.453384988384396,5.525336347200723,11.268925022509526,10.695683647669147,6.1036917342314805,10.646816385979497
9.847571641573527,7.8124357824420185,12.820267519363432,-0.5,0.0174491326554325,-0.3640046927048462,-0.09717581399682507,-0.0006113976520464074,0.10235744,0.052826073,0.24229892,11.092822761445749,7.018039193213166,12.335470995821886,9.81068448614542,9.390828706647556,12.15963753759981,8.811185131238865,6.297423122971281,12.898508005604452,9.41926902645607,10.120264691209451,12.92507920347819,8.562382896532094,9.964272690197104,12.186386641522686,9.180270842348586,10.379207381286768,13.131950008215185,9.453384988384396,5.525336347200723,11.268925022509526,10.695683647669147,6.1036917342314805,10.646816385979497
9.797571641573526,7.814180695707562,12.783867050092947,-0.5,0.0010643443150741595,-0.34065658243592145,-0.07438600082571489,0.0011892552094556622,0.09589351,0.09390269,0.24042161,11.092822761445749,7.018039193213166,12.335470995821886,9.81068448614542,9.390828706647556,12.15963753759981,8.811185131238865,6.297423122971281,12.898508005604452,9.41926902645607,10.120264691209451,12.92507920347819,8.562382896532094,9.964272690197104,12.186386641522686,9.180270842348586,10.379207381286768,13.131950008215185,9.453384988384396,5.525336347200723,11.268925022509526,10.695683647669147,6.1036917342314805,10.646816385979497
9.747571641573526,7.8142871301390695,12.749801391849354,-0.5,-0.015140378739133972,-0.31770091510866233,-0.052087762806286624,0.006326216967499327,0.09097776,0.12726578,0.23649718,11.092822761445749,7.018039193213166,12.335470995821886,9.81068448614542,9.390828706647556,12.15963753759981,8.811185131238865,6.297423122971281,12.898508005604452,9.41926902645607,10.120264691209451,12.92507920347819,8.562382896532094,9.964272690197104,12.186386641522686,9.180270842348586,10.379207381286768,13.131950008215185,9.453384988384396,5.525336347200723,11.268925022509526,10.695683647669147,6.1036917342314805,10.646816385979497
9.697571641573525,7.812773092265156,12.718031300338488,-0.5,-0.03083140561753774,-0.29530412030232683,-0.030163939558653628,0.01411700400859353,0.08723361,0.15380403,0.23090845,11.092822761445749,7.018039193213166,12.335470995821886,9.81068448614542,9.390828706647556,12.15963753759981,8.811185131238865,6.297423122971281,12.898508005604452,9.41926902645607,10.120264691209451,12.92507920347819,8.562382896532094,9.964272690197104,12.186386641522686,9.180270842348586,10.379207381286768,13.131950008215185,9.453384988384396,5.525336347200723,11.268925022509526,10.695683647669147,6.1036917342314805,10.646816385979497
9.647571641573524,7.809689951703403,12.688500888308255,-0.5,-0.045743353791832086,-0.27359947400263274,-0.008524854404635209,0.023961104006974567,0.08438623,0.17433716,0.22398697,9.81068448614542,9.390828706647556,12.15963753759981,11.092822761445749,7.018039193213166,12.335470995821886,8.811185131238865,6.297423122971281,12.898508005604452,9.41926902645607,10.120264691209451,12.92507920347819,8.562382896532094,9.964272690197104,12.186386641522686,9.180270842348586,10.379207381286768,13.131950008215185,9.453384988384396,5.525336347200723,11.268925022509526,10.695683647669147,6.1036917342314805,10.646816385979497
9.597571641573523,7.80511561632422,12.661140940907991,-0.5,-0.030408349523891834,-0.24205500270371588,-0.005394277868309665,0.020460922853885,0.082234755,0.18961766,0.21601272,9.81068448614542,9.390828706647556,12.15963753759981,8.811185131238865,6.297423122971281,12.898508005604452,11.092822761445749,7.018039193213166,12.335470995821886,9.41926902645607,10.120264691209451,12.92507920347819,8.562382896532094,9.964272690197104,12.186386641522686,9.180270842348586,10.379207381286768,13.131950008215185,9.453384988384396,5.525336347200723,11.268925022509526,10.695683647669147,6.1036917342314805,10.646816385979497
9.547571641573523,7.8020747813718305,12.63693544063762,-0.5,-0.015423363371260539,-0.21328932825643399,0.0019336897905954543,0.014647463085320733,0.12420867,0.16648488,0.18822475,9.81068448614542,9.390828706647556,12.15963753759981,8.811185131238865,6.297423122971281,12.898508005604452,11.092822761445749,7.018039193213166,12.335470995821886,9.41926902645607,10.120264691209451,12.92507920347819,8.562382896532094,9.964272690197104,12.186386641522686,9.180270842348586,10.379207381286768,13.131950008215185,9.453384988384396,5.525336347200723,11.268925022509526,10.695683647669147,6.1036917342314805,10.646816385979497
9.497571641573522,7.800532445034705,12.615606507811977,-0.5,-0.001019723195485673,-0.18707823139818713,0.012504173222081675,0.006940633463259915,0.15663382,0.14755118,0.16267897,8.811185131238865,6.297423122971281,12.898508005604452,9.81068448614542,9.390828706647556,12.15963753759981,11.092822761445749,7.018039193213166,12.335470995821886,9.41926902645607,10.120264691209451,12.92507920347819,8.562382896532094,9.964272690197104,12.186386641522686,9.453384988384396,5.525336347200723,11.268925022509526,9.180270842348586,10.379207381286768,13.131950008215185,10.695683647669147,6.1036917342314805,10.646816385979497
9.447571641573521,7.800430472715156,12.596898684672158,-0.5,0.006426099689225081,-0.18178512251449486,0.005526123364371857,0.017981611842131724,0.1812326,0.13304114,0.13869779,8.811185131238865,6.297423122971281,12.898508005604452,9.81068448614542,9.390828706647556,12.15963753759981,11.092822761445749,7.018039193213166,12.335470995821886,9.41926902645607,10.120264691209451,12.92507920347819,8.562382896532094,9.964272690197104,12.186386641522686,9.453384988384396,5.525336347200723,11.268925022509526,9.180270842348586,10.379207381286768,13.131950008215185,10.695683647669147,6.1036917342314805,10.646816385979497
